smiles,homo,lumo,Name
OC(O)C1C2CCC3CC4CCC5CC6CCC7C(C(O)O)C8CCC9CC%10CCC%11CC%12CCC1C1C%12C%12C%11C%10C%10C9C8C8C7C6C6C5C4C4C3C2C1C1C4C6C8C%10C%121,-5.18179073,-2.84137262,1-ZH_C-2COOH-edge.pdb
OCC1CCC2C3CCC4C5CCC6C7CCC(CO)C8CCCC(C9CCC(C%10CCC(C%11CCCC1C%112)C3C%104)C5C96)C87,-4.9143066,-3.21824497,2-AH_NR4_2_2COH_edge.pdb
ONC1C2CCCC3C4CCC5C6CCCC7C(NO)C8CCCC9C%10CCC%11C%12CCCC1C%12C(C32)C1C4C5C(C%10C%111)C(C67)C98,-4.99566749,-4.17062997,3-AH_NR-2NO.pdb
NCC1C2CCCC3C4CCC5C6CCCC7C(CN)C8CC9CCCC%10C%11CCC%12C%13CCCC%14CC1C1C(C%14%13)C%13C%12C%11C%11C(C9%10)C8C(C76)C6C5C4C(C1C23)C%13C%116,-4.39702549,-3.94124124,4-AH_NR3_4-2CN-edge.pdb
ONC1CC2C3CCCC4C5CCCC6C7CC(NO)CC8C9CCCC%10C%11CCCC%12C(C1)C2C1C(C43)C(C56)C(C78)C(C%109)C1C%11%12,-5.86886848,-3.28817724,5-AHC-2NO.pdb
C1CC2CC3CC4CCCC5C6CCC7C8CCC9C%10CCCC%11CC%12CC%13CCCC%14C%15CCC%16C%17CCC%18C(C1)C2C1B2C%18C%17C%17C%18C%16C%15C%15C(C%13%14)C%12C(C%11%10)C%10C9C8C(C%18C%15%10)C8C%17C2N(C6C78)C(C45)C31,-3.67756665,-3.43919829,6-AH_NR4_4-B-N.pdb
C1CC2CC3CCC4CC5CCC6CC7CCC8CC9CCC%10CC%11CCC%12CC1C1B%13C%14B%15C(C21)C3C4C1C%15C2C(C6C51)C7C8C1C9C%10C(C%11C%13%12)C%14C21,-4.81580278,-3.8231455,7-ZH_C-2B.pdb
[H][Si]1C[Si]2C3[Si]([H])C[Si]([H])C4[Si]5C[Si](CN)C[Si]6C7[Si]([H])C[Si]([H])C8[Si]9C[Si]([SH](O)O)C[Si]%10C%11[Si]([H])C(NO)[Si]([H])C%12[Si](C1)C2[Si]1C([Si]43)[Si](C56)C([Si]78)[Si](C9%10)C1[Si]%12%11,-5.78179328,-3.00899238,8-AHSiC-NO-CN-SO2H.pdb
[H][Si]1C[Si]2C[Si]3C[Si]([H])C[Si]4[C@@H]3[Si]3C2[Si](C1)[C@@H]1[Si]([H])C[Si]2C5[Si]([H])C[Si]([H])C6[Si]5C5[Si]7C2[Si]1N3[Si]1[C@H]7[Si](C[Si@]([H])N41)[C@H]1[Si]5C([Si]([H])C[Si@@]1[H])[Si@@]6[H],-3.57035531,-2.90994434,9-AHSiC_NR-C_2N.pdb
[H][Si]1C[Si]2C[Si]([H])C[Si]3B4[Si]([H])C[Si]([H])C5[Si]([H])C[Si]([H])B([Si](C1)C23)[Si]45,-5.25117878,-3.80028826,10-NR_SiC0-C_2B.pdb
[H][Si]1C[Si]2C[Si]3C[Si]4C[Si]([H])C[Si]5C6[Si]([H])C[Si]([H])C7[Si]([H])C8[Si]([H])C9[Si]([H])C[Si]([H])C%10[Si](C1)C2[Si]1C([Si]9%10)[Si]8C([Si]76)[Si]([SH]45)[SH]31,-3.04110136,-2.52409236,11-NR-SiC2-C_2S.pdb
C1CC2CC3CC4CCCC5C6CCCC7CC8CC9CCCC%10C(C1)C2C1C3C(C45)C(C76)C8C1C9%10,-4.0843711,-2.95484249,12-NR-C2.pdb
NC(O)C1CC2CCCC3C4CCCC5CCCC(C(C1)C23)C54,-5.13172249,-2.08735581,13-NR_C0-CONH2.pdb
OCC1CC2C3CCCC4C5CC(C(O)O)CC6C7CC(NO)CC8C9CCCC%10C%11CC(NO)CC%12C(C1)C2C1C(C34)C(C56)C(C87)C(C%109)C1C%11%12,-6.1747,-3.4125,14-AHC-2NO-COOH-COH.pdb
ONC1CC2C3CCCC4C5CC(NO)CC6C7CC(NO)CC8C9CCCC%10C%11CC(NO)CC%12C(C1)C2C1C(C34)C(C56)C(C87)C(C%109)C1C%11%12,-6.4204,-3.7671,15-AHC-4NO.pdb
ONC1CC2C3CCCC4C5CC(NO)CC6C7CC(NO)CC8C9CCCC%10C%11CC(NO)CC%12C(C1)C2C1C(C34)C(C56)C(C87)C(C%109)C1C%11%12.POOP,-6.347,-3.6969,16-AHC-4NO-2POH2.pdb
C1COC2CCCC3CCCC(C32)[SH]2CCCC(C1)C2,-3.70124022,-1.81823902,17-NR_C0-O-S.pdb
C1CC2CC3CCCC4C5CCC6C7CCC8C9CCCC%10CC%11CCCC%12C%13CCC%14C%15CCB%16C(C1)C2C(B1C%16C%15C(C6C15)C1C%14C%13C(C8C71)C(C%11%12)C%109)C34,-4.35321578,-3.84790751,18-AH_NR4_3-2B.pdb
C1CC2CCC3CCC4CCC5CCC6CCC1C1C2N3C4N5C61,-2.94640708,-1.59483671,19-ZH_C-SMALL-2N.pdb
[H][Si]1C[Si]2C[Si]3C[Si]([H])C4[Si](CO)C5[Si]([H])C[Si]6C[Si]7C[Si]([H])C8[Si]([H])C9[Si]([H])C[Si]%10C(PO)[Si]%11C[Si]([H])C%12[Si]([H])C1[Si]1C2[Si]2C3[Si]4C3[Si]5C6[Si]4C7[Si]8C5[Si]9C%10[Si]6C%11[Si]%12C1[Si]1C2[Si]3C4[Si]5C61,-5.19077036,-3.05334631,20-ZH_SiC-COH-POH2-COH-edg.pdb
[H][Si]1C[Si]2C[Si]3C[Si]4C[Si]([H])C[Si]5C6[Si]([H])C[Si]7C8N9C%10N%11C%12[Si](C[Si]([H])C%13[Si](C1)C2[Si]1C3[Si](C45)C([Si]86)[Si]%10C1[Si]%12%13)C1[Si]([H])C[Si]([H])C2[Si]([H])C3[Si]([H])C4[Si]([H])C[Si]([H])C7[Si]4C9[Si]3C%11[Si]21,-3.70124022,-3.20518369,21-AHSiC_NR3_4-2N.pdb
[H][Si]1C[Si]2C[Si]3C[Si]([H])C4[Si]([H])C5[Si]([H])C[Si]6C[Si]7C[Si]([H])C8[Si]([H])C9[Si]([H])C[Si]%10C[Si]%11C[Si]([H])C%12[Si]([H])C1[Si]1C2N2C%13N%14C1[Si]%12C%11[Si]1C%14[Si]%11C([Si]9C%101)[Si]8C7[Si]1C6[Si]5C([Si]4C23)[Si]%13C1%11,-3.700696,-2.36518012,22-ZH_SiC-2N.pdb
[H][Si]1C[Si]2C3[Si](C1)[C@H]1[Si]([H])C[Si]4[C@@H]5[Si]1[C@@H]1[Si]3C3[Si]6S[Si]1[C@@H]1[Si]7O[Si@@]89[Si][C@@H]%10[Si]%11C%12[Si]%13C%14[Si]%15C([Si]([H])C[Si]%16C%15[Si]%12[C@H]%12[Si](C%15[Si](C[Si]([H])[C@H]2[Si]3%15)[C@H]2[Si]([H])C[Si]([H])[C@@H]%16[Si]2%12)[C@H]6%11)[Si]2C[Si]([H])C[Si]3C2[Si]%14[C@H]2[Si]6[C@@H]%13[Si]%10[C@@H]8[Si]8C%10[Si]%11C%12[Si](C[Si]([H])[C@H]%13[Si]%14C[Si]([H])C[Si]%15C%14[Si]%14[C@H]([Si]%12%13)[Si]%10[C@H]9[Si]9[C@H]7[Si]7[C@@H]%10[Si](C[Si]([H])[C@H]%15[Si]%10[C@H]%149)C9[Si]([H])C[Si]([H])[C@H]4[Si]9[C@@H]7[Si]51)C1[Si]([H])C[Si]([H])[C@H]4[Si]5C[Si]([H])[C@@H]3[Si]2[C@H]5[Si]([C@H]86)[C@@H]%11[Si]14,-4.37743357,-2.58477289,23-AHSiC2-C_O-S.pdb
[H][Si]1C[Si]2C[Si]([H])C[Si]3C2[Si](C1)O[Si]([H])C[Si]([H])C1[Si][SH]3[Si]([H])C[Si]1[H],-3.37470822,-2.48490852,24-NR_SiC0-C_O-S.pdb
ONC1C2CCCC3C4CCC5C6CCCC7CC8CCCC9C%10CCC%11C%12CCCC1C%12C(C32)C1C4C5C(C%10C%111)C(C76)C89,-4.53144783,-3.58287237,25-AH_NR-NO.pdb
C1CC2CC3CC4CCCC5C6CCC7C8CCC9C%10CCCC%11CC%12CC%13CCCC%14C%15CCC%16C%17CCC%18C(C1)C2C1OC%18C%17C2C%17C[SH](C6C7C%17C6C8C9C7C(C%11%10)C%12C(C%13%14)C8C%15C%16C2C6C87)C(C45)C31,-3.28518403,-3.00844816,26-AH_NR4_4-O-S.pdb
[H][Si]1C[Si]2C(C(O)O)[Si]([H])C[Si]3C2[Si](C1)C1[Si]([H])C[Si](C(O)O)C2[Si]([H])C[Si]([H])C3[Si]21,-5.00219813,-3.00001275,27-NR_SIC0-2COOH-edge.pdb
[H][Si]1C[Si]2C(N(O)O)[Si]3C[Si]([H])C[Si]4C5[Si]([H])C[Si]6C7[Si]5C5[Si](C2[Si](C1)C1[Si]([H])C[Si]2C([Si]15)[Si]7C1[Si]5C2[Si]([H])C[Si@]([H])C5[Si](N(O)O)C2[Si]1C6[Si]([H])C[Si@]2[H])C34,-4.53253627,-4.20518794,28-AHSiC_NR-2NO2-edg.pdb
[H][Si]1C[Si]2C3[Si]([H])C(NO)[Si]([H])C4[Si]5C[Si](CO)C[Si]6C7[Si]([H])C[Si]([H])C8[Si]9C[Si](C(O)O)C[Si]%10C%11[Si]([H])C(NO)[Si]([H])C%12[Si](C1)C2[Si]1C([Si]43)[Si](C65)C([Si]78)[Si](C9%10)C1[Si]%11%12,-5.707,-2.951,29-AHSiC-2NO-COOH-COH.pdb
[H][Si]1C[Si]2C[Si]3C[Si]([H])C[Si]4C5N6C([Si]([H])C[Si]5[H])[Si]([H])C5N7C([Si]([H])C[Si]5[H])[Si](C1)C2[Si](C76)C34,-4.000017,-2.81416162,30-NR-SIC1-2N.pdb
[H][Si]1C[Si]2C[Si]([H])C[Si]3C2[Si](C1)B1[Si]([H])C[Si]([H])C2[Si]([H])C[Si]([H])N3[Si]12,-4.58859093,-2.83756308,31-NR_SiC0-C_B-N.pdb
[H][Si]1C[Si]2C3[Si]([H])C[Si]4C5[Si]([H])C[Si]([H])C6[Si]7C[Si]([H])C8[Si]9C[Si]([H])C[Si]%10C%11[Si]([H])C[Si]%12C%13[Si]([H])C[Si]([H])C%14[Si]%15C[Si]([H])C%16[Si]%17C[Si]([H])C[Si]%18C%19[Si]([H])C[Si]%20C%21[Si]([H])C[Si]([H])C%22[Si]%23C[Si]([H])C%24[Si](C1)C2[Si]1C2[Si]%25B%26[Si]%27B%28[Si]%29C%25[Si](C4[Si]32)C([Si]56)[Si]2C7[Si]8C3[Si](C%292)C2[Si]%28C4[Si]5C%27[Si]6C7[Si]%26C1[Si]%24C%23[Si]7C([Si]%22%21)[Si]1C%20[Si]%19C7[Si](C%18%17)C8[Si]%16C%15[Si]%15C([Si]%13%14)[Si]%13C%12[Si]%11C([Si]3C9%10)[Si]2C%13[Si]4C%15[Si]8C5[Si]7C61,-4.80355783,-3.69688646,32-AHSiC2-C_2B.pdb
[H][Si]1C[Si]2C[Si]3C[Si]4C[Si]([H])C[Si]5C4[Si]4B3[Si]3B2[Si](C1)C1[Si]([H])C[Si]([H])C2[Si]([H])C6[Si]([H])C7[Si]([H])C[Si]([H])C5[Si]7C4[Si]6C3[Si]12,-4.20709271,-3.19810883,33-NR-SiC2-C_2B.pdb
OCC1CC2CCC3CC(C(O)O)C4CCC5CCC6CCC1C1C6C5C4C3C21,-5.93390277,-2.62477306,34-ZH_C-SMALL-COH_COOH-edge.pdb
OC[C@]12[C@@H]3C4C5CCC[C@@H]4C4CCC6C7CCC8[C@@H]9CCCC%10CC%11CC%12CCCC%13C%14CCC%15C%16CCC%17C%18CCCC%19CC(C5)C3[C@@H](C%19%18)C3C%17C%16C5C%16C%15C%14C%14[C@@H](C%12%13)C%11[C@H](C%109)[C@@]9(CO)[C@H]8C7[C@H](C%16[C@H]%149)[C@H](C5[C@@H]31)C6[C@H]42,-4.39865815,-2.90178104,35-AH_NR4_4_2COH_surf.pdb
C1CC2CC3CC4CCCC5C4C4C3C3C2C(C1)C1CCCC2CC6CC7CCCC5N7C4N6C3C21,-3.61253236,-2.45470431,36-NR-C2-2N.pdb
C1CC2CCC3CCC4CCC5CCC6CCC1C1C2[SH]3C4[SH]5C61,-3.57307641,-1.81034783,37-ZH_C-SMALL-2S.pdb
[H][Si]1C[Si]2C[Si]([H])C[Si]3C2[Si](C1)C1[Si]([H])C[Si]([H])C2[Si](C(O)O)C[Si]([H])C3[Si]21,-4.72083639,-2.83865152,38-NR_SIC0-COOH-edge.pdb
[H][Si]1C[Si]2C3[Si]([H])C[Si]([H])C4[Si]5C[Si]([SH](O)O)C[Si]6C7[Si]([H])C[Si]([H])C8[Si]9C[Si]([H])C[Si]%10C%11[Si]([H])C(NO)[Si]([H])C%12[Si](C1)C2[Si]1C([Si]43)[Si](C56)C([Si]78)[Si](C9%10)C1[Si]%12%11,-5.6607,-2.843,39-AHSiC-NO-SOH.pdb
[H][Si]1C[Si]2C[Si]3C[Si]([H])C[Si]4C5[Si]([H])C[Si]6C7[Si]([H])C[SH]8C9[Si]([H])C[Si]([H])C%10[Si]([H])C%11[Si]([H])C[Si]([H])C%12[Si]%13C[Si]([H])C%14[Si]%15C[Si]([H])C%16[Si](C1)C2[Si](C34)C1[Si]%16C%15[Si](C6[Si]51)C1[Si]%14C%13[SH](C([Si]%11%12)[Si]%109)C8[Si]71,-3.62396098,-3.44137517,40-AHSiC_NR4_3-2S.pdb
[H][Si]1C[Si]2C[Si]([H])C[Si]3C2[Si](C1)C1[Si]([H])C[Si]2C4[Si]1C3[Si]([H])C[Si]4[SH]1[Si]([H])C[Si]3C4[Si]([H])C[Si]([H])C5[Si]([H])C[Si]([H])C([Si]6C[Si]([H])[SH]2[Si]1C63)[Si]54,-3.41634105,-2.8653183,41-AHSiC_NR4_2-C_2S.pdb
OC(O)C1CCC2C3CCCC4CCCC(C5CCCC1C52)C43,-5.26233529,-2.42558854,42-NR_C0-COOH-edge.pdb
NC(O)C1CC2C3CCC4C5CCC6C7CCCC8C7C7C9C6C5C5C6C(CCC(C%10CCCC(C%107)[C@@H]8CO)C69)C6CCC7C8CCC[C@H]9C8C(C2C(C1)C9N(O)O)C1C3C4C5C6C71,-4.60219643,-4.05688799,43-AH_NR4_3-COH-NO2-CNOH2.pdb
C1CC2CC3CCCC4C5CCC6C7CCN8C9CCCC%10CC%11CCCC%12C%13CCC%14C%15CCC%16C(C1)C2C(C34)C1C%16C%15C(C6C51)C1C%14C%13N(C(C%11%12)C%109)C8C71,-3.23702056,-2.64109966,44-AH_NR4_3-2N.pdb
C1CC2C3CCCC4C5CCCC6C7CCCC8C9CCCC%10C%11CCCC%12C(C1)C2C1C(C34)N(C56)C(C78)N(C%109)C1C%12%11,-3.16164609,-2.29279886,45-AHC-2N.pdb
[H][Si]1C[Si]2C[Si]3C[Si]([H])C4[Si]([H])C5[Si]([H])C[Si]6C[Si]7C[Si]([H])C8[Si](CO)C9[Si]([H])C[Si]%10C[Si]%11C[Si]([H])C%12[Si]([H])C1[Si]1C2[Si]2C3[Si]4C3[Si]5C6[Si]4C7[Si]8C5[Si]9C%10[Si]6C%11[Si]%12C1[Si]1C2[Si]3C4[Si]5C61,-5.02750436,-2.92191718,46-ZH_SiC-COH-edg.pdb
[H][Si]1C[Si]2C[Si]3C[Si]([H])C[Si]4C5[Si]([H])C[Si]([H])C6[Si](CO)C7[Si]([H])C[Si]([H])C8[Si](C1)C2[Si](C34)C([Si]78)[Si]65,-4.35158312,-3.50559313,47-NR-SiC1-COH-edge.pdb
[H][Si]1C[Si]2C[Si]3C[Si]([H])C[Si]4C5[Si]6C7[Si](C[Si@]5[H])[C@H]5[Si]([H])C[Si]([H])[C@H]8[Si]5[C@@]5(N(O)O)[Si]7C7[Si](C[Si@@]([H])C9[Si](C1)[C@@H]2[Si@@](N(O)O)([C@@H]6[Si]79)[C@@H]34)[C@@H]1[Si]([H])C[Si]([H])[C@H]([Si]15)[Si@]8[H],-4.2040995,-3.87947227,48-AHSiC_NR-NO2-surf.pdb
[H][Si]1C[Si]2C[Si]3C[Si]4C[Si]([H])C[Si]5C6[Si]([H])C[Si]7C8[Si]([H])C[Si]([H])C9[Si]([H])C%10[Si]([H])C%11[Si]([H])C[Si]([H])C%12[Si]%13C[Si]([H])C%14[Si](C1)C2[Si]1C3[Si](C45)C2[Si]6C7[SH]3C([Si]98)[Si]%10C([Si]%11%12)[SH]4C%13[Si]%14C1[Si]2C43,-3.69933545,-3.46042287,49-AHSiC_NR3_4-2S.pdb
[H][Si]1C[Si]2C[Si]3C[Si]([H])C[Si]4C5[Si]([H])C[Si]6C7[Si]([H])C[Si]8C9N%10C%11N(C[Si]([H])C%12[Si]%13C[Si]([H])C%14[Si](C1)C2[Si](C34)C1[Si]%14C%13[Si](C6[Si]51)C([Si]%11%12)[Si]97)C1[Si]([H])C[Si]([H])C2[Si]([H])C3[Si]([H])C[Si]([H])C8[Si]3C%10[Si]12,-3.58504925,-3.23566001,50-AHSiC_NR4_3-2N.pdb
[H][Si]1C[Si]2C[Si]3C[Si]4C[Si]([H])C[Si]5C6[Si]([H])C[Si]7C8[Si]([H])C[Si]9C%10[Si]([H])C[Si]([H])C%11[Si]([H])C%12[Si]([H])C%13[Si]([H])C[Si]([H])C%14[Si]%15C[Si]([H])C%16[Si]%17C[Si]([H])C%18[Si](C1)C2[Si]1C3[Si](C45)C2[Si]6C7[Si]3C4[Si](O[Si]%165C%15C6C([Si]%13%14)[Si]%12C(C7C9[Si]8[SH]3[Si]5C76)[Si]%11%10)C%17[Si]%18C1[Si]24,-3.68899527,-3.5238245,51-AHSiC_NR4_4-C_O-S.pdb
[H][Si]1C[Si]2C[Si]([H])C3[Si]([H])C[Si]4C[Si]([H])C5[Si]([H])C[Si]6C[Si]([H])C1[Si](S2)C6[Si]5[Si]3O4,-3.38559262,-2.60273215,52-ZH_SIC-SMALL-C_O-S.pdb
[H][Si]1C[Si]2C[Si]3C[Si]4C[Si]([H])C[Si]5C6[Si]([H])C[Si]7C8[Si]([H])C[Si]9C%10[Si]([H])C[Si]([H])C%11[Si]([H])C%12[Si]([H])C%13[Si]([H])C[Si]([H])C%14[Si]%15C[Si]([H])C%16[Si]%17C[Si]([H])C%18[Si](C1)C2[Si]1C3[Si](C45)C2[Si]6C7[Si]3C4[Si]2C1[Si]%18C%17[Si]4N1[Si]%16C%15C2C([Si]%13%14)[Si]%12C(C4C9[Si]8N3[Si]1C24)[Si]%11%10,-3.61062759,-3.20953745,53-AHSiC_NR4_4-C_2N.pdb
C1CC2CC3CC4CCCC5C6CCC7C8CCC9C%10CCCC%11CC%12CC%13CCCC%14C%15CCC%16C%17CCC%18C(C1)C2C1C3C(C45)C2C6C7C3C4C8C9C5C(C%11%10)C%12C(C%13%14)C6C%15C%16C(C7C%17C%18C1C2C73)C4C65,-3.69280481,-3.43076288,54-AH_NR4_4.pdb
NO.SO[C@@H]1CCC2CC3CCCC4C5CCC6C7CCCC8CC9CCCC%10C%11CCC%12C%13C(C(C34)C2C%121)C5[C@@H]6[C@H]([C@@H](C87)C9%10)[C@@H]%11%13,-4.48845445,-2.89661095,55-AH_NR-SOH-NO-edg_surf.pdb
NC[C@@]12[C@@H]3C4CCCC3[C@H]3CC[C@H](OS)[C@@H]5C6CCCC7C8CC(NO)CC9C%10CCCC%11C%12CCC[C@@H]4C%12[C@H]1C([C@H]%10%11)[C@H](C89)C(C76)[C@H]2[C@H]53,-4.60627808,-4.09634394,56-AHC-NO-CN-SOH.pdb
ONC1CC2C(NO)C3CCC4C(C(O)O)C5CCC6CC7CC(NO)C8CC9C([SH2]O)CC%10C(C(O)O)C%11CCC%12CC1C1C2C2C3C4C3C5C6C4C7C8C5C9C%10C6C%11C%12C1C1C6C5C4C3C21,-6.0349,-3.9921,57-ZH_C-2COOH-3NO-SOH.pdb
ONC1CC2CC3CC[C@@H]4CC5CCC6CC7CC(NO)C8CC9CC[C@@H]%10CC%11CCC%12CC1C1C2[C@H]2C%13C%14[C@@H]1C%12[C@H]%11[C@]1(C(O)O)[C@@H]%14C%11C%12[C@@H](C7C8[C@@H]%11C9[C@@H]%101)C6[C@H]5[C@](C(O)O)([C@@H]%12%13)[C@H]4C32,-4.7478,-3.8416,58-ZH_C-2COOH-surf-2NO-edge.pdb
C1CC2CCCC3C4CCC5C6CCN7C8CCCC9CCCC(C98)N8CCC(C9CCC(C(C1)C23)C4C95)C6C87,-3.44137517,-2.08272994,59-AH_NR4_2-2N.pdb
C1CCC2C(C1)CC1CCCC3C1[C@@H]2[S@H]1[C@@H]2C3CCC3C4CCC5C6CCCC7CC8CCCC9C%10CCC%11C%12CCS[C@H]1C%12[C@H](C1C%11C%10C(C5C41)C(C89)C76)[C@H]32,-3.68953949,-3.2217824,60-AH_NR4_3-2S.pdb
[H][Si]1C[Si]2C[Si]3C(CN)[Si]4C[Si]([H])C[Si]5C6[Si]([H])C[Si]7C8[Si]([H])C[Si]([H])C9[Si](CN)C%10[Si]([H])C%11[Si]([H])C[Si]([H])C%12[Si]%13C[Si]([H])C%14[Si](C1)C2[Si]1C3[Si](C45)C2[Si]6C7[Si]3C([Si]98)[Si]%10C([Si]%11%12)[Si]4C%13[Si]%14C1[Si]2C43,-4.11294265,-3.8938941,61-AHSiC_NR3_4-2CN-edge.pdb
[H][Si]1C[Si]2C[Si]3[C@H](OP)[Si]4C[Si]([H])C[Si]5C6[Si]([H])C[Si]7C8[Si]([H])C(CN)[Si]([H])C9[Si]8C8[Si]%10C7[Si]6C6[Si]7C%11[Si]%12C([Si]([H])C[Si]%13C%12[Si](C7%10)[C@H]7[Si]8[C@H]([Si]9[H])[Si@]([H])[C@H]8[Si@]([H])[C@H](CN)[Si@]([H])[C@@H]%13[Si@]78OP)[Si](C1)C2[Si]%11[C@@H]3[Si]6[C@H]54,-4.89280991,-3.32627264,62-AHSiC_NR3_4-POH2-surf-2CN.pdb
[H][Si]1C[Si]2C3[Si]4B5[Si]6C2[Si]([H])C[Si]([H])C6[Si]2C[Si]([H])C[Si]6C2[Si]5C2[Si]5B4[Si]4C([Si]([H])C[Si]([H])C4[Si]4C[Si]([H])C[Si](C45)C4[Si]([H])C[Si]([H])C6[Si]42)[Si]3C1,-4.77416995,-3.65851895,63-AHSiC-C_2B.pdb
[H][Si]1C[Si]2C[Si]3C[Si]([H])C[Si]4C5[Si]([H])C[Si]([H])C6[Si]([H])C7[Si]([H])C[Si]([H])C8[Si]7C([Si]65)[Si]([SH]2[Si]8C1)[SH]34,-3.16436719,-2.40490818,64-NR-SIC1-C_2S.pdb
OCC1C2CCCC3C4CCC5C6CCCC7CC8CCCC9C%10CCC%11C%12CCCC1C%12C(C23)C1C4C5C(C%10C%111)C(C76)C89,-4.37253559,-3.37334767,65-NR_COH-edge.pdb
OC[C@@]12[C@H]3C4C5[C@@H]6C7C8CCC9CC%10CCC(CC%11CCC%12CC%13CCC%14CC%15CCC%16CC%17CCC(C8)C6[C@@H]%17[C@@]6(CO)[C@H]5C5C3[C@H](C%13C%14[C@H]5C%15[C@H]%166)C%12[C@@H]%111)[C@H]2C%10[C@@H]4C97,-4.13743255,-3.26477578,66-ZH_C-2COH-surf.pdb
OC(O)[C@]12C3[C@@H]4CC[C@@H]1C1CCCC5CCCC(C51)[C@@H]2CC[C@H]3C1CC[C@@H]2C3CCCC5CCCC(C53)[C@@H]3CCC4[C@H]1[C@@]23C(O)O,-4.05389478,-3.26586422,67-AH_NR4_2_2COOH_surf.pdb
O[SH](O)C1CC2C3CCC4C5CCCC6C7CCC8C9CCCC%10C%11CCC%12C%13CC([SH](O)O)CC%14C%15CCC%16C%17CC([SH](O)O)CC%18C%19CCC%20C%21CCCC%22C%23CCC%24C(C1)C2C1C2C3C4C3C(C65)C4C7C8C5C(C9%10)C6C%11C%12C7C(C%13%14)C8C%15C%16C9C(C%18%17)C%10C%19C%20C%11C(C%22%21)C%12C%23C%24C1C1C%12C%12C%11C%10C%10C9C8C8C7C6C6C5C4C4C3C2C1C1C4C6C8C%10C%121,-5.39213176,-3.07810832,68-AHC2-3SO2H.pdb
ONC1CC2C3CCCC4C5CCCC6C7CC([SH](O)O)CC8C9CCCC%10C%11CCCC%12C(C1)C2C1C(C43)C(C56)C(C78)C(C%109)C1C%11%12,-5.9366,-3.175,69-AHC-NO-SOH.pdb
C1CC2CC3CC4CCCC5C6CCC7C8CCCC9CC%10CC%11CCCC%12C%13CCC%14C(C1)C2C1OC%14C%13C2C%13C[SH](C6C7C%13C(C98)C%10C2C%11%12)C(C45)C31,-3.44436838,-2.83348143,70-AH_NR3_4-O-S.pdb
[H][Si]1C[Si]2C3[Si]4[C@H]5[Si]6C([Si]([H])C[Si]([H])[C@@H]26)[Si]2C[Si@]([H])C[Si]6[C@H]7[Si]([H])C[Si]([H])[C@@H]8[Si]9C[Si]([H])C[Si]%10[C@@H]9[Si](C([Si]87)[Si]5[C@]26C(O)O)[C@H]4[Si@@]2(C(O)O)[C@H]([Si]3C1)[Si@@]([H])C[Si@@]([H])[C@H]%102,-4.20001785,-3.26586422,71-AHSiC-2COOH-surf.pdb
[H][Si]1C[Si]2C[Si]([H])C[Si]3[C@H]2[Si](C1)[C@H]1[Si]([H])C[Si]2C4[Si]([H])C[Si]5C6[Si]([H])C[Si]([H])[C@H]7[Si]([H])C[Si@]([H])[C@H]([Si]67)[Si@]6(NO)C[Si@]([H])[C@H]([Si]7C[Si]([H])[C@@H]3[Si@@]1(C(O)O)[C@@H]27)[Si]4[C@@H]56,-4.76002023,-4.17743272,72-AHSiC_NR4_2-CN-COOH.pdb
[H][Si]1C[Si]2C3[Si]([H])C[Si]4C5[Si]([H])C[Si]([H])C6[Si]7C[Si]([H])C8[Si]9C[Si]([H])C[Si]%10C%11[Si]([H])C[Si]%12C%13[Si]([H])C[Si]([H])C%14[Si]%15C[Si]([H])C%16[Si]%17C[Si]([SH](O)O)C[Si]%18C%19[Si]([H])C[Si]%20C%21[Si]([H])C[Si]([H])C%22[Si]%23C[Si]([H])C%24[Si](C1)C2[Si]1C2[Si]3C4[Si]3C([Si]56)[Si]4C7[Si]8C5[Si](C9%10)C6[Si]%11C%12[Si]7C([Si]%13%14)[Si]8C%15[Si]%16C9[Si](C%18%17)C%10[Si]%19C%20[Si]%11C([Si]%22%21)[Si]%12C%23[Si]%24C1[Si]1C%12[Si]%12C%11[Si]%10C%10[Si]9C8[Si]8C7[Si]6C6[Si]5C4[Si]4C3[Si]2C1[Si]1C4[Si]6C8[Si]%10C%121,-5.05934123,-2.42613276,73-AHSiC2-SO2H.pdb
[H][Si]1C[Si]2C[Si]([H])C[Si]3C2[Si](C1)C1[Si]([H])C[Si]2C4[Si]([H])CN5C6N(C[Si]([H])C([Si]7C[Si]([H])C3[Si]1C27)[Si]64)C1[Si]([H])C[Si]([H])C2[Si]([H])C[Si]([H])C5[Si]12,-4.10396302,-2.86341353,74-AHSiC_NR4_2-2N.pdb
[H][Si]1C[Si]2C[Si]([H])C[Si]3C2[Si](C1)C1[Si]([H])C[Si]2C4[Si]([H])C[SH]5C6[Si]([H])C[Si]([H])C7[Si]([H])C[Si]([H])C([Si]76)[SH]6C[Si]([H])C([Si]7C[Si]([H])C3[Si]1C27)[Si]4C56,-3.9265473,-3.0394687,75-AHSiC_NR4_2-2S.pdb
[H][Si]1C[Si]2C[Si]3C[Si]4C[Si]([H])C[Si]5C6[Si]([H])C[Si]7C8[Si]([H])C[Si]9C%10B%11C%12B%13C%14[Si](C[Si]([H])C%15[Si]%16C[Si]([H])C%17[Si](C1)C2[Si]1C3[Si](C45)C2[Si]6C7[Si]3C([Si]%108)[Si]%12C([Si]%14%15)[Si]4C%16[Si]%17C1[Si]2C43)C1[Si]([H])C[Si]([H])C2[Si]([H])C3[Si]([H])C4[Si]([H])C[Si]([H])C9[Si]4C%11[Si]3C%13[Si]21,-4.48001904,-4.26341948,76-AHSiC_NR4_4-2B.pdb
[H][Si]1C[Si]2C3[Si]([H])C[Si]4C5[Si]([H])C[Si]([H])C6[Si]7C[Si]([H])C8[Si]9C[Si]([H])C[Si]%10C%11[Si]([H])C[Si]%12C%13[Si]([H])C[Si]([H])C%14[Si]%15C[Si]([H])C%16[Si]%17C[Si]([H])C[Si]%18C%19[Si]([H])C[Si]%20C%21[Si]([H])C[Si]([H])C%22[Si]%23C[Si]([H])C%24[Si](C1)C2[Si]1C2[Si]%25C%26N%27C%28N%29C%25[Si]%25C1[Si]%24C%23[Si]1C%25[Si]%23C%29[Si]%24C%25[Si]%28C%28[Si]%29C%27[Si](C7[Si]8C%29[Si](C9%10)C7[Si]%11C%12[Si]8C([Si]%13%14)[Si]9C%15[Si]%16C%10[Si](C%18%17)C%11[Si]%19C%20[Si](C1[Si]%22%21)C%23[Si]%11C%24[Si]%10C9[Si]%25C8[Si]7%28)C([Si]56)[Si]%26C4[Si]32,-3.92709152,-2.49307182,77-AHSiC2-2N.pdb
ONC1CC2CC3CCC4C(C(O)O)C5CCC6CC7CC(NO)C8CC9CCC%10C(C(O)O)C%11CCC%12CC1C1C2C2C3C4C3C5C6C4C7C8C5C9C%10C6C%11C%12C1C1C2C3C4C5C61,-5.6531,-3.4602,78-ZH_C-2COOH-2NOedge.pdb
OC[C@@]12[C@H]3C4C5C6C7C8C9C%10CCC%11C%12CC(NO)CC%13C%14CCC([C@H]%15CCCC%16C%17CCC%18C%19CCCC%20C%21CCC%22C%23CC([SH](O)O)CC%24C%25CCC%26C%27CCCC%28C%29CCC%30C%31CCCC%10C%31C8C8C%30C%29C%10C(C%28%27)C%27C%26C%25C%25C(C%24%23)[C@H]%23C%22C%21C%21C(C%19%20)C%19C%18C%17C([C@H]%17C%19C%18[C@@H]%21C%23[C@@H]%19C%25[C@@H]%27C%20C%10C8C7C7[C@@H]5C(C%173)[C@H]%18[C@]%19(C(O)O)[C@@H]7%20)[C@H]1C%16%15)[C@H]2C%14[C@@H]4C(C%12%13)C6C%119,-4.7791,-3.2898,79-AHC2-SO2H-NO-COOH.pdb
C1CC2CCCC3C2C(C1)B1CCC2C4CCC5C6CCCC7CCCC(C8CCC(C9CCN3C1C29)C4C58)C76,-4.14641218,-2.81552217,80-AH_NR4_2-B-N.pdb
C1CC2CC3CC4CCCC5C6CCC7C8CCCC9CC%10CC%11CCCC%12C%13CCC%14C(C1)C2C1B2C%15B(C(C45)C31)C6C7C1C%15C(C%13C2%14)C(C%11%12)C%10C1C98,-4.28899782,-3.7387914,81-AH_NR3_4-2B.pdb
C1CC2CC3CC4CCCC5C6CCC7C8CCCC9CC%10CC%11CCCC%12C%13CCC%14C(C1)C2C1C3C(C45)C2C6C7[SH]3C(C98)C%10C(C%11%12)[SH]4C%13C%14C1C2C43,-3.40736142,-3.00790394,82-AH_NR3_4-2S.pdb
C1CC2CCCC3B4CCC5C6CCC7C8CCCC9CCCC(C%10CCC(C%11CCB(C(C1)C23)C4C%115)C6C%107)C98,-4.82668718,-3.58940301,83-AH_NR4_2-2B.pdb
C1CC2CC3CCC[C@@H]4[C@H]3C3C2C(C1)[C@H]1CCC[C@@H]2C[C@@H]2CCC[C@H]4O[C@H]3O1,-3.6680428,-2.23102989,84-NR-C1-2O.pdb
[H][Si]1C[Si]2C[Si]([H])C[Si]3[C@H]2[Si](C1)[C@H]1[Si]([H])C[Si]2C4[Si]([H])C[Si]5[C@@H]6[Si]4[C@H]([Si]([H])C[Si@@]6(NO)[C@@H]4[Si]([H])C[Si]([H])C6[Si](SO)C[Si]([H])[C@@H]5[Si]64)[Si]4C[Si]([H])[C@@H]3[Si@@]1(C(O)O)[C@@H]24,-4.86070093,-4.29580057,85-AHSiC_NR4_2-CN-COOH-SOH.pdb
[H][Si]1C[Si]2C(N(O)O)[Si]3C[Si](C(N)O)C[Si]4C5[Si]([H])C[Si]6C7[Si]([H])C[Si]8C9[Si]([H])C[Si]([H])C%10[Si](CO)C%11[Si]([H])C[Si]([H])C%12[Si]%13C[Si]([H])C%14[Si]%15C[Si]([H])C%16[Si](C1)C2[Si](C34)C1[Si]%16C%15[Si](C6[Si]51)C1[Si]%14C%13[Si](C8[Si]71)C([Si]%11%12)[Si]%109,-4.35702532,-4.17852116,86-AHSiC_NR4_3-COH-NO2-CNOH2.pdb
[H][Si]1C[Si]2C3[Si]([H])C[Si]4C5[Si]([H])C[Si]([H])C6[Si]7C[Si]([H])C8[Si]9C[Si]([H])C[Si]%10C%11[Si]([H])C[Si]%12C%13[Si]([H])C[Si]([H])C%14[Si]%15C[Si]([H])C%16[Si]%17C[Si]([H])C[Si]%18C%19[Si]([H])C[Si]%20C%21[Si]([H])C[Si]([H])C%22[Si]%23C[Si]([H])C%24[Si](C1)C2[Si]1C2[Si]3C4[Si]3C([Si]56)[Si]4C7[Si]8C5[Si](C9%10)C6[Si]%11C%12[Si]7C([Si]%13%14)[Si]8C%15[Si]%16C9[Si](C%18%17)C%10[Si]%19C%20[Si]%11C([Si]%22%21)[Si]%12C%23[Si]%24C1[Si]1C%12[Si]%12C%11[Si]%10C%10[Si]9C8[SH]8C7[Si]6C6[Si]5C4[Si]4C3[Si]2C1[Si]1C4[Si]6C8[SH]%10C%121,-3.98967682,-2.5142964,87-AHSiC2-2S.pdb
[H][Si]1C[Si]2C[Si]3C[Si]([H])C[Si]4C3[Si]3C2[Si](C1)C1[Si]([H])C[Si]([H])C2[Si]([H])C5[Si]([H])C[Si]([H])C4[SH]5C3[SH]21,-4.25743306,-2.92844782,88-NR-SIC1-2S.pdb
[H][Si]1C[Si]2C[Si]([H])C3[Si]([H])C[Si]4C[Si]([H])C5[Si]([H])C[Si]6C[Si]([H])C1[Si]1C2[SH]3C4[SH]5C61,-3.76028809,-2.45688119,89-ZH_SIC-SMALL-2S.pdb
[H][Si]1C[Si]2C[Si]3C[Si]4C[Si]([H])C[Si]5C6[Si]([H])C[Si]7C8[Si]([H])C[Si]([H])C9[Si]([H])C%10[Si]([H])C%11[Si]([H])C[Si]([H])C%12[Si]%13C[Si]([H])C%14[Si](C1)C2[Si]1B2[Si]%14C%13[Si]%13C([Si]%11%12)[Si]%10C([Si]98)[Si]8C%13[Si]2N([Si](C45)C31)[Si]6C78,-3.71294095,-3.49171552,90-AHSiC_NR3_4-C_B-N.pdb
[H][Si]1C[Si]2C[Si]([H])C[Si]3C2[Si](C1)C1[Si]([H])C[Si]2O[Si]([H])C[Si]4C5[Si][SH]([Si]([H])C[Si]5C5[Si]([H])C[Si]([H])C6[Si]([H])C[Si]([H])C4[Si]65)[Si]4C[Si]([H])C3[Si]1C24,-3.36300749,-2.69007946,91-AHSiC_NR4_2-C_O-S.pdb
[H][Si]1C[Si]2C[Si]3C[Si]([H])C[Si]4O[Si]35C3[Si]6C4[Si]([H])C[Si]([H])C6[Si]([H])C4[Si]([H])C[Si]([H])C([Si]43)[Si](C1)[SH]25,-3.26368734,-2.43892193,92-NRSiC-SIC1-C_O-S.pdb
OC(O)C1CCC2C3CCC4C5CCC6C7CCC(C(O)O)C8CCCC(C9CCC(C%10CCC(C%11CCCC1C%112)C3C%104)C5C96)C87,-4.79240132,-3.08246208,93-AH_NR4_2_2COOH_edge.pdb
C1CCC2C(C1)CC1CCCC3C1[C@H]2[S@H]1[C@@H]2SCCC4C5CCCC6CC7CCCC8C7C(C65)[C@H]([C@@H]42)[C@H]2C8CCC3[C@@H]21,-3.88763557,-2.96817588,94-AH_NR-2S.pdb
C1CC2CC3CC4CCCC5C6CCC7C8CCC9C%10[C@H]8[C@H]8C%11C%12[S@H]%13C%14C(CCC%15C%16CCC%17C(C1)C2C1C3C(C45)C2C6C7[C@@H]8C3C2C1C%17C%16[C@H]3[C@H]%11[C@@H]%15%14)[C@H]1CCC[C@@H]2CC3C[C@H]4CCC[C@H]9C4[C@H](C3[C@H]%13C21)[S@H]%10%12,-3.37198712,-3.16708829,95-AH_NR4_4-2S.pdb
[H][Si]1C[Si]2C[Si]3C[Si]([H])C[Si]4C5[Si]([H])C[Si]([H])C6[Si]([H])C7[Si]([H])C[Si]([H])C8[Si](C1)C2[Si](C34)C([Si]78)[Si]65,-4.23865747,-2.94178121,96-NR-SIC1.pdb
[H][Si]1C[Si]2C3[Si]([H])C[Si]4C5[Si]([H])C(NO)[Si]([H])C6[Si]5C5[Si]7C4[Si]3C3[Si]4C2[Si](C1)C1[Si]([H])C[Si]2C8[Si]([H])C[Si]([H])C9[Si]%10C[Si]([H])C%11[Si]%12C[Si]([SH](O)O)C[Si]%13C%14[Si]([H])C[Si]%15C%16[Si]([H])C[Si]([H])C%17[Si]%18C[Si]([H])C%19[Si]%20C[Si]([H])C[Si]%21C%20[Si]%20C%22[Si]%19C%18[Si]%18C([Si]%17%16)[Si]%16C%15[Si]%14[C@@H]%14[Si](C%12%13)[C@@H]%12[Si]%11C%10[Si]%10C([Si]89)[Si]8C2[Si]1C4[Si]1[C@@H]8[Si]2C%10[Si]%12[C@H]4[Si]%14[C@H]%16[Si]8C%18[Si]%22C9[Si]%10[C@@H]%11[Si](C7[Si]3[C@@H]1[Si]%11[C@@H]2[Si@@]4(C(O)O)[C@@H]%108)[C@H]1[Si]5[C@@H]2[Si]6C[Si]([H])C%21[Si]2[C@]%20(CO)[Si]91,-4.9067,-3.3067,97-AHSiC2-SO2H-NO-COOH.pdb
[H][Si]1C[Si]2C[Si]([H])C[Si]3C2[Si](C1)C1[Si]([H])C[Si]2C4[Si]([H])CB5C6B(C[Si]([H])C([Si]7C[Si]([H])C3[Si]1C27)[Si]64)C1[Si]([H])C[Si]([H])C2[Si]([H])C[Si]([H])C5[Si]12,-4.86178937,-4.21743289,98-AHSiC_NR4_2-2B.pdb
[H][Si]1C[Si]2C[Si]3C[Si]([H])C4[Si]([H])C5[Si]([H])C[Si]6C[Si]7C[Si]([H])C8[Si]([H])C9[Si]([H])C[Si]%10C[Si]%11C[Si]([H])C%12[Si]([H])C1[Si]1C2B2C%13B%14C1[Si]%12C%11[Si]1C%14[Si]%11C([Si]9C%101)[Si]8C7[Si]1C6[Si]5C([Si]4C23)[Si]%13C1%11,-4.88056496,-4.19920152,99-ZH_SiC-2B.pdb
[H][Si]1C[Si]2C[Si]3C[Si]4C[Si]([H])C[Si]5C6[Si]([H])C[Si]([H])C7[Si]([H])C8B9C%10B%11C([Si]([H])C[Si]([H])C%11[Si](C1)C2[Si]%10C3[Si](C45)C9[Si]76)[Si]8[H],-4.88763982,-4.05471111,100-NR-SiC2-2B.pdb
[H][Si]1C[Si]2C[Si]3C[Si]([H])C[Si]4C5[Si]([H])C[Si]([H])C6[Si]([H])C7[Si]([H])C[Si]([H])C8[Si]7C([Si]65)[Si](N2[Si]8C1)N34,-2.9034137,-2.19402293,101-NR-SIC1-C_2N.pdb
OCC1C2CCCC3C4CCCC5CC6CCCC7C8CCCC1C8C(C23)C(C54)C67,-4.78559857,-3.0694008,102-NR-C1-COH-edge.pdb
OCC1C2CCCC3C4CCC5C6CCC7C8CCC[C@H]9C8C8C%10C7C6C6C7C(CCC(C%11CCC[C@@H](C%118)C9N(O)O)C7%10)C7CCC8C9CCCC1C9C(C23)C1C4C5C6C7C81,-4.5088627,-3.96137738,103-AH_NR4_3-COH-NO2.pdb
C1CC2CC3CCCC4C5CCN6C7CCCC8CC9CCCC%10C%11CCC%12C(C1)C2C(C34)C1C%12C%11N(C(C9%10)C87)C6C51,-3.47430048,-2.33252692,104-AH_NR-2N.pdb
C[C@@H]1C2CCOC3CCCC4CC5CCCC6C7CC[C@@H]8C9CCCC%10CC%11CCCC2C%11C(C%109)[C@@H]1[C@@H]8C7OC(C43)C56,-4.04246616,-2.87457004,105-AH_NR-2O.pdb
[H][Si]1C[Si]2C[Si]3C[Si]4C[Si@]([H])C[Si@@]56OSO[Si@@]78C9[Si](C[Si@]([H])[C@@H]57)C5[Si]([H])C[Si]([H])[C@@H]7[Si]([H])[C@H]%10[Si]([H])[C@@H]%11[Si]([H])C[Si]([H])[C@H]%12[Si]%13C[Si]([H])C%14[Si](C1)C2[Si]1C2[Si]%14[C@H]%13[Si]%13C([Si]2[C@@H]8[Si]([C@@H]31)[C@H]46)[Si]9[C@@H]([Si]57)[Si@@]%10(CN)[C@H]%13[Si]%11%12,-4.70641456,-4.14124209,106-AHSiC_NR3_4-CN-SO2H.pdb
[H][Si]1C[Si]2C[Si]3C[Si]([H])C[Si]4C5[Si]([H])C[Si]([H])C6[Si]([H])C7[Si]([H])C[Si]([H])C8[Si](C1)B2[Si](C([Si]87)[Si]65)N34,-4.15756869,-2.91212122,107-NR-SIC1-C_B-N.pdb
OC(O)C1C2CCCC3C4CCC5C6CCCC7C6C6C8C5C4C4C5C(CCC(C9CCC[C@@H](C7C(O)O)C96)C58)C5CCC[C@H]1C5C4C32,-4.43702566,-3.4394704,108-NR_2COOH.pdb
OC(O)C1C2CCCC3C4CCC5C6CCCC7CC8CCCC9C%10CCC%11C%12CCC[C@H]1C%12C(C32)C1C4C5C(C%10C%111)C(C76)C89,-4.25389563,-3.21960552,109-NR_COOH.pdb
C1CC2CC3CCCC4C5CCC6C7CCCC8CC9CCCC%10C%11CCB%12C(C1)C2C(B1C%12C%11C(C6C15)C(C9%10)C87)C34,-4.63185642,-3.60055952,110-AH_NR-2B.pdb
C1CC2CC3CC4CCCC5C6CCC7C8CCC9C%10CCCC%11CC%12CC%13CCCC%14C%15CCC%16C%17CCC%18C(C1)C2C1B2C%19B(C(C45)C31)C6C7C1C%19C(C%17C2%18)C2C%16C%15C3C(C%13%14)C%12C(C%11%10)C4C9C8C1C2C34,-4.10505146,-3.89498254,111-AH_NR4_4-2B.pdb
[H][Si]1C[Si]2C[Si]3C[Si]4C[Si]([H])C[Si]5[C@H]4[Si]4C3[Si]3C2[Si](C1)C1[Si]([H])C[Si]2C6[Si]([H])C[Si]7C8[Si]([H])C[Si]([H])C9[Si]([H])[C@@H]%10[Si]([H])C%11[Si]([H])C[Si]([H])C%12[Si]%13C[Si]([H])[C@@H]%14[Si]%15C[Si]([H])[C@@H]5[Si]5[C@H]%15[Si]%15[C@H]%16[Si]%17C([Si]6C7[Si]6[C@@H]%17[Si@](CO)([C@H]%13[Si]%16%14)[C@@H]([Si]%11%12)[Si]%10[C@@H]6[Si]89)[Si]6C2[Si]1C3[Si]([C@@H]6%15)[C@]45CO,-3.90069685,-3.42096692,112-AH_NRSiC4_4_2COH_surf.pdb
[H][Si]1C[Si]2C[Si]3C[Si]([H])C[Si]4C5[Si]([H])C[Si]6C7B8C9B(C[Si]([H])C%10[Si](C1)C2[Si](C34)C([Si]9%10)[Si]75)C1[Si]([H])C[Si]([H])C2[Si]([H])C3[Si]([H])C[Si]([H])C6[Si]3C8[Si]12,-4.80763948,-3.99593535,113-AHSiC_NR-2B.pdb
[H][Si]1C[Si]2C[Si]3C[Si]4C[Si]([H])C[Si]5C6[Si]([H])C[Si]7C8[Si]([H])C[Si]9C%10[Si]([H])C[Si]([H])C%11[Si]([H])C%12[Si]([H])C%13[Si]([H])C[Si]([H])C%14[Si]%15C[Si]([H])C%16[Si]%17C[Si]([H])C%18[Si](C1)C2[Si]1C3[Si](C45)C2[Si]6C7[Si]3C4[Si](C%17[Si]%18C1[Si]24)C1[Si]%16C%15[SH]2C([Si]%13%14)[Si]%12C([Si]%11%10)[SH]4C9[Si]8C3[Si]1C24,-3.6707639,-3.51511698,114-AHSiC_NR4_4-2S.pdb
[H][Si]1C[Si]2C[Si]3C[Si]([H])C4[Si]([H])C5[Si]([H])C[Si]6C[Si]7C[Si]([H])C8[Si]([H])C9[Si]([H])C[Si]%10C[Si]%11C[Si]([H])C%12[Si]([H])C1[Si]1C2[Si]2C3[Si]4C3[Si]5C6[SH]4C7[Si]8C5[Si]9C%10[Si]6C%11[Si]%12C1[Si]1C2[Si]3C4[SH]5C61,-3.93634326,-2.47728944,115-ZH_SiC-2S.pdb
[H][Si]1C[Si]2[C@H]3[Si]([H])C[Si]([H])[C@H]4[Si]5C[Si@]([H])C[Si]6[C@@H]5[Si]S[Si]5[C@@H]6[Si]([H])C[Si]([H])[C@H]5[Si]5C[Si@]([H])C[Si]6[C@@H]5[Si][C@H]5[Si](O[Si]34)[C@@H]2[Si](C1)[C@@H]1[Si]5[C@@H]6[Si@]([H])C[Si@@]1[H],-4.25661673,-2.53198355,116-AHSiC-C_O-S.pdb
[H][Si]1C[Si]2C[Si]([H])C[Si]3C2[Si](C1)C1[Si]([H])C[Si]2B4[Si]([H])C[Si]5C6[Si]4B([Si]([H])C[Si]6C4[Si]([H])C[Si]([H])C6[Si]([H])C[Si]([H])C5[Si]64)[Si]4C[Si]([H])C3[Si]1C24,-4.45688969,-3.58749824,117-AH_NRSiC4_2-C_2B.pdb
C1CC2CC3CCCC4C5CCC6C7CCCC8CC9CCCC%10C%11CCC%12C(C1)C2C(C34)C1C%12C%11C(C6C51)C(C9%10)C87,-4.04437093,-2.97171331,118-AH_NR.pdb
OC(O)[C@@]12[C@H]3C4C5[C@@H]6C7C8CCC9CC%10CCC(C[C@H]%11CCC%12CC%13CCC%14CC%15CCC%16C[C@H]%17CCC(C8)C6[C@@H]%17[C@@]6(C(O)O)[C@H]5C5C3[C@H](C%13C%14[C@H]5C%15[C@H]%166)C%12[C@@H]%111)[C@H]2C%10[C@@H]4C97,-4.14124209,-3.26069413,119-ZH_C-2COOH-surf.pdb
O[PH3]C1CC2C3CCCC4C5CCCC6C7CC(N(O)O)CC8C9CCCC%10C%11CCCC%12C(C1)C2C1C(C43)C(C56)C(C78)C(C%109)C1C%11%12,-5.82451455,-2.96110102,120-AHC-POH2-NO2.pdb
C1CC2CC3CCCC4C3C3OC5C(CCC6C7CCC8C9CCCC%10CC%11CCCC%12C%13CCC%14C%15CC[SH]4CC%15C(C65)C4C%14C%13C(C8C74)C(C%11%12)C%109)C(C1)C23,-3.32708897,-2.72327688,121-AH_NR4_3-O-S.pdb
C1CC2CC3CCC4CC5CCC6CC7CCC8CC9CCC%10CC%11CCC%12CC1C1C%13OC%14C(C21)C3C4C1C5C6C2C7C8C3C(C[SH](C%11C%12%13)C%10C93)C2C%141,-3.71130829,-2.54069107,122-ZH_C-O-S.pdb
C1CC2CC3CC4CCCC5C6CCC7C8CCCC9CC%10CC%11CCCC%12C%13CCC%14C(C1)C2C1C3C(C45)C2C6C7N3C(C98)C%10C(C%11%12)N4C%13C%14C1C2C43,-3.36790547,-2.75620219,123-AH_NR3_4-2N.pdb
[H][Si]1C[Si]2C[Si]3C[Si]4C[Si]([H])C[Si]5C6[Si]([H])C[Si]([H])C7[Si]([H])C8[Si]([H])C9[Si]([H])C[Si]([H])C%10[Si](C1)C2[Si]1C3[Si](C45)C([Si]76)[Si]8C1[Si]9%10,-3.96681958,-3.22967359,124-NR-SiC2.pdb
[H][Si]1C[Si]2C(CO)[Si]3C[Si]([H])C[Si]4C5[Si]([H])C[Si]6C7[Si]([H])C[Si]([H])C8[Si](CO)C9[Si]([H])C[Si]([H])C%10[Si]%11C[Si]([H])C%12[Si](C1)C2[Si](C34)C1[Si]%12C%11[Si](C6[Si]51)C([Si]9%10)[Si]87,-4.28654883,-3.97525499,125-NRSiC_2COH.pdb
[H][Si]1C[Si]2C[Si]3C[Si]([H])C4[Si]([H])[C@@H]5[Si]([H])C[Si]6C[Si]7C[Si]([H])[C@@H]8[Si]([H])C9[Si]([H])C[Si]%10C[Si]%11C[Si]([H])C%12[Si]([H])C1[Si]1C2[Si]2C%13[Si]%14[C@@H]1[Si]%12[C@H]%11[Si@@]1(CO)[C@H]%10[Si]9[C@H]9[Si]8[C@@H]7[Si]7C6[Si]5[C@@](CO)([Si]4[C@H]32)[Si]%13[C@H]7[Si]9[C@H]%141,-4.31267139,-3.24491175,126-ZH_SiC-2COH-surf.pdb
[H][Si]1C[Si]2C[Si]([H])C3B4C2B2C1[Si]([H])C[Si]1C[Si]([H])C5[Si]([H])C[Si](C[Si]3[H])C4[Si]5C21,-5.05172215,-4.31974625,127-ZH_SIC-SMALL-2B.pdb
[H][Si]1C[Si]2C[Si]3C[Si]([H])C[Si]4C5[Si]([H])C[Si]6C7[Si]([H])C[Si]([H])C8[Si]([H])C9[Si]([H])C[Si]([H])C%10[Si]%11C[Si]([H])B%12[Si](C1)C2[Si](B1[Si]%12C%11[Si](C6[Si]15)C([Si]9%10)[Si]87)C34,-4.35212734,-3.28137449,128-AHSiC_NR-C_2B.pdb
[H][Si]1C[Si]2C[Si]3C[Si@]([H])C[Si]4S[Si@]5([H])C[Si]6[C@@H]7[Si]([H])C[Si]([H])C8[Si]([H])C9[Si]([H])C[Si]([H])C%10[Si]9C([Si]87)[Si]7[C@@H]6[Si]5[Si@]56S[Si](C34)[C@@H]2[Si](C1)[C@H]5[Si@]([H])C[Si]%10[C@H]76,-4.34641303,-3.29933375,129-AHSiC_NR-C_2S.pdb
OC(O)C1CC2CCC3CC(C(O)O)C4CCC5CCC6CCC1C1C6C5C4C3C21,-5.83186152,-2.50123512,130-ZH_C-SMALL-2COOH-edge.pdb
NC[C@@]12CCC[C@H]3C[C@H]4CC[C@H](C(O)O)C5C6CC[C@@H]7C8C9C%10C(CC[C@H]1C%10[C@H](C68)C(C54)[C@@H]32)C1CCC2C3CCCC4CC5C6C(C43)C3C2C1C9[C@@H]1C3[C@H](CC[C@]17OS)C6CC[C@@H]5OP,-4.73144868,-3.32600053,131-AH_NR4_3-SOH-POH2-CN-COOH.pdb
NCC1CCC2C3CCC4C5CCC6C7CCC(CN)C8CC9C(CN)C%10CCCC%11C%12CCC%13C%14CCC%15C%16CCCC%17C(CN)C%18CC1C2C1C%18C(C%17%16)C2C%15C%14C%14C%15C%13C%12C%12C(C%10%11)C9C(C87)C7C6C5C(C5C4C3C1C2C5%14)C%15C7%12,-4.64056394,-4.39049485,132-AH_NR4_4-4CN.pdb
C1CC2CC3CCC[C@@H]4C3C3O[C@H]5C(CC[C@@H]6[C@H]5[C@H]5[C@H]7C8C(CCCC8[C@H]8CC[S@@H]4C[C@H]58)CC4CCC[C@H]6C47)C(C1)C23,-3.48055901,-2.95048873,133-AH_NR-O-S.pdb
C1CC2CC3CCCC4C5CCCC6CC7CCCC(C(C1)O2)C7C(C[SH]34)C65,-3.65416519,-2.34177866,134-NR-C1-O-S.pdb
C1CC2CC3CC4CCCC5C6CCCC7CC8CC9CCCC%10C(C1)B2C1B3C(C45)C(C76)C8C1C9%10,-4.53580159,-3.47430048,135-NR-C2-2B.pdb
[H][Si]1C[Si]2C3[Si]([H])C[Si]4C5[Si]([H])C(CN)[Si](CN)C6[Si]([H])C7[Si](CN)C8[Si]([H])C(CN)[Si]([H])C9[Si]%10C[Si]([H])C%11[Si]%12C[Si]([H])C%13[Si]%14C[Si](CN)C[Si]%15C(CN)[Si]%16C[Si]%17C(CN)[Si](CN)C[Si]%18C1[Si]1C2[Si]2C%19[Si]3C4[Si]3C([Si]65)[Si]7C([Si]89)[Si]4C%10[Si]%11C([Si]5C%12[Si]%13C6[Si](C%15%14)C%16[Si](C%17%18)C1[Si]6C25)[Si]%19C34,-4.83321782,-4.68382943,136-AHSiC_NR4_4-8CN.pdb
[H][Si]1C[Si]2C[Si]3C[Si]([H])C[Si]4C5[Si]([H])C[Si]6C7[Si]([H])C[Si]([H])C8[Si]7C7[Si]9C%10[Si](C[Si]([H])C%11[Si](C1)C2[Si](C34)C([Si]%11%10)[Si]5C69)C1[Si]([H])C[Si]([H])C([Si]17)[Si]8N(O)O,-3.96001683,-3.61797456,137-AHSiC_NR-NO2-edg.pdb
[H][Si]1C[Si]2C[Si]3C[Si]4C[Si]([H])C[Si]5C6[Si]([H])C[Si]7C8B9C%10B%11C%12[Si](C[Si]([H])C%13[Si](C1)C2[Si]1C3[Si](C45)C([Si]86)[Si]%10C1[Si]%12%13)C1[Si]([H])C[Si]([H])C2[Si]([H])C3[Si]([H])C4[Si]([H])C[Si]([H])C7[Si]4C9[Si]3C%11[Si]21,-4.4680462,-4.11022155,138-AHSiC_NR3_4-2B.pdb
[H][Si]1C[Si]2C[Si]3C[Si]4C[Si]([H])C[Si]5C6[Si]([H])C[Si]7C8[Si]([H])C[Si]9C%10N%11C%12N%13C%14[Si](C[Si]([H])C%15[Si]%16C[Si]([H])C%17[Si](C1)C2[Si]1C3[Si](C45)C2[Si]6C7[Si]3C([Si]%108)[Si]%12C([Si]%14%15)[Si]4C%16[Si]%17C1[Si]2C43)C1[Si]([H])C[Si]([H])C2[Si]([H])C3[Si]([H])C4[Si]([H])C[Si]([H])C9[Si]4C%11[Si]3C%13[Si]21,-3.52627349,-3.36219116,139-AHSiC_NR4_4-2N.pdb
[H][Si]1C[Si]2C[Si]3C[Si]([H])C[Si]4B3[Si]3B2[Si](C1)C1[Si]([H])C[Si]([H])C2[Si]([H])C5[Si]([H])C[Si]([H])C4[Si]5C3[Si]12,-4.25797728,-3.45362012,140-NRSiC-SIC1-C_2B.pdb
OC(O)C1CCC2C3CCCC4C(C(O)O)CCC(C5CCCC1C52)C43,-5.53281263,-2.79946768,141-NR_C0-2COOH-edge.pdb
OC[C@]12[C@@H]3CCC4[C@@H]5CC[C@H]6C7CCCC8CCCC(C87)[C@H]7CCC([C@H](CC[C@H]1C1CCCC8CCCC3C81)[C@H]42)[C@@H]5[C@@]76CO,-4.03430286,-3.23865322,142-AH_NR4_2_2COH_surf.pdb
NCC1CC2CC3CC4CC(CN)C[C@@H]5C6CCC7C8CC(NO)CC9C[C@@H]%10C%11C(C98)C8C9C%12C%13C(CCC%14C(C1)C2C1C(C%14%13)[C@H]9[C@@]([PH3]O)([C@@H]6C78)[C@@H](C31)C45)C1CC(NO)C[C@@H](C1[C@H]%12%11)[C@@H]%10[PH3]O,-5.38968277,-3.68926738,143-AH_NR3_4-POH2-surf-2CN_NO.pdb
NC(O)C1CC2CC(C(N)O)CC3C4CCCC5CCCC(C(C1)C23)C54,-5.28056666,-2.27021373,144-NR_C0-2CONH2.pdb
C1CC2CC3CC4CCCC5C6CCCC7CC8CC9CCCC%10C(C1)C2C1B3C(C(C76)C8C1C9%10)N45,-4.16110612,-3.01198559,145-NR-C2-B-N.pdb
C1CC2CC3CCCC4C3C3C2C(C1)C1CCCC2CC5CCCC4[SH]5C3[SH]21,-3.68654628,-2.01334189,146-NR-C1-2S.pdb
C1CC2CC3CCC4CC5CCC6CC7CCC8CC9CCC%10CC%11CCC%12CC1C1C2C2C3C4C3C5C6C4C7C8N5C9C%10C6C%11C%12C1C1C2C3N4C5C61,-3.28491192,-2.26368309,147-ZH_C-2N.pdb
[H][Si]1C[Si]2C3[Si]([H])C(CO)[Si]([H])C4[Si]5C[Si](C(O)O)C[Si]6C7[Si]([H])C[Si]([H])C8[Si]9C[Si](CO)C[Si]%10C%11[Si]([H])C(C(O)O)[Si]([H])C%12[Si](C1)C2[Si]1C([Si]43)[Si](C65)C([Si]78)[Si](C9%10)C1[Si]%11%12,-5.57308491,-2.61280022,148-AHSIC-2COH_2COOH-EDGE.pdb
[H][Si]1C[Si]2C(CN)[Si]3C[Si]4C(CN)[Si]([H])C[Si]5C6[Si]([H])C[Si]7C8[Si]([H])C[Si]9C%10[Si]([H])C[Si](CN)C%11[Si]([H])C%12[Si](CN)C%13[Si]([H])C[Si]([H])C%14[Si]%15C[Si]([H])C%16[Si]%17C[Si]([H])C%18[Si](C1)C2[Si]1C3[Si](C45)C2[Si]6C7[Si]3C4[Si]8C9[Si]5C([Si]%11%10)[Si]%12C([Si]%13%14)[Si]6C%15[Si]%16C([Si]7C%17[Si]%18C1[Si]2C37)[Si]4C56,-4.31484827,-4.16464355,149-AHSiC_NR4_4-4CN.pdb
[H][Si]1C[Si]2C3[Si]([H])C[Si]4C5[Si]([H])C(NO)[Si]([H])C6[Si]([H])C7[Si]([H])C8[Si]([H])C(NO)[Si]([H])C9[Si]8C8[Si]7[C@@H]([Si]65)[Si]5[C@H]4[Si]3[C@H]3[Si]4C2[Si]2C1[Si]1C[Si](NO)C[Si]6[C@H](OS)[Si]7C[Si]%10C[Si](NO)C[Si]%11C%10[Si]%10C%12[Si]%13C%11[Si]([H])C[Si]%11[C@H]%14[Si]([H])C[Si]9[C@@H]9[Si]8[C@@H]5[Si@@]3(CO)[C@H]([Si]%149)[Si]([C@@H]%13%11)[C@H]4[Si]%12C2[Si]([C@H]%107)[C@@H]16,-4.80355783,-4.31539249,150-AHSiC_NR4_4-4NO-COH_SOH.pdb
[H][Si]1C[Si]2C[Si]([H])C[Si]3C2[Si](C1)C1[Si]([H])C[Si]2B4[Si]([H])C[Si]5C6[Si]([H])C[Si]([H])C7[Si]([H])C[Si]([H])C([Si]8C[Si]([H])N([Si]9C[Si]([H])C3[Si]1C29)[Si]4C58)[Si]76,-4.06586762,-3.18695232,151-AHSiC_NR4_2-C_B-N.pdb
C1CC2CC3CCCC4C5CCCC6CC7CCCC8C(C1)C2C(C34)C(C78)C65,-4.41525686,-2.55266391,152-NR-C1.pdb
C1CC2CC3CC4CCCC5C6CCC7C8CCCC9CC%10CC%11CCCC%12C%13CCC%14C(C1)C2C1C3C(C45)C2C6C7C3C(C98)C%10C(C%11%12)C4C%13C%14C1C2C43,-3.79103652,-3.29742898,153-AH_NR3_4.pdb
O[SH2]C1C2CCCC3C4CCC5C6CCCC7C(S)C8[C@H]9C(C[C@H]%10O[C@@H]8%10)C8CCC%10C%11CCCC1C%11C(C32)C1C4C5C(C8C%101)C9C76,-4.63512174,-3.41797371,154-AH_NR-2SOH-edg.pdb
NO.O[PH3]C1CCC2C3C1CCCC3[C@H]1CC[C@@H]3C4CCC5C6CC[C@@H]([SH2]O)C7CCCC(C8CCC(C4C85)[C@@H]4CC[C@@H]2[C@@]1(C(O)O)[C@@H]34)C67,-4.29416791,-3.86885998,155-AH_NR4_2-CN-COOH-SOH-POH2.pdb
C1CC2CC3CCCC4C3C3B5C6C(CCC7C8CCCC9CC%10CCCC%11C%12CCN4C5C%12C(C76)C(C98)C%10%11)C(C1)C23,-3.81471009,-3.02423054,156-AH_NR-B-N.pdb
C1CC2CC3CCCC4C5CCCC6CC7CCCC8C(C1)B2C(C(C78)C65)N34,-4.44682162,-2.53416043,157-NR-C1-B-N.pdb
C1CC2CC3CC4CCCC5C4C4C3C3C2C(C1)C1CCCC2CC6CC7CCCC5[SH]7C4[SH]6C3C21,-3.64872299,-2.51348007,158-NR-C2-2S.pdb
[H][Si]1C[Si]2C3[Si]4C1[Si]1C[Si](NO)C[Si]5C[Si]6[C@H](OP)[Si]7C[Si@](NO)C[Si]8C9[Si]([H])C[Si]%10C%11[Si]([H])C(CN)[Si]([H])C%12[Si]%11C%11[Si]%13C%10[Si]9C9[Si](C4[Si](C51)[C@@H]6[Si]9[C@H]87)C%13[Si]3[C@H]1[Si]%11[C@H]([Si]%12[H])[Si@]([H])[C@H]3[Si@]([H])[C@H](CN)[Si@]([H])[C@@H]2[Si@]13OP,-4.89280991,-3.58777035,159-AHSiC_NR3_4-POH2-surf-2CN_NO.pdb
[H][Si]1C[Si]2C[Si]3C[Si]([H])C[Si]4C5[Si]([H])C[Si](CN)C6[Si](CN)C7[Si](CN)C[Si]([H])C8[Si](C1)C2[Si](C34)C([Si]87)[Si]56,-4.68219677,-3.72845122,160-NRSiC-SIC1-3CN.pdb
[H][Si]1C[Si]2C(NO)[Si]([H])C3[Si]([H])C[Si]4C(CO)[Si]([H])C5[Si]([H])C(PO)[Si]6C[Si](CO)C1[Si]1C2[Si]3C4[Si]5C61,-5.7018,-3.2855,161-ZH_SiC-SMALL-2COH-poH2-edge.pdb
[H][Si]1C[Si]2C[Si]3C[Si]([H])C4[Si]([H])C5[Si]([H])C[Si]6C[Si]7C[Si]([H])C8[Si]([H])C9[Si]([H])C[Si]%10C[Si]%11C[Si]([H])C%12[Si]([H])C1[Si]1B%13[Si]%14B%15[Si](C21)C3[Si]4C1[Si]%15C2[Si](C6[Si]51)C7[Si]8C1[Si]9C%10[Si](C%11[Si]%13%12)C%14[Si]21,-4.84464644,-3.78096845,162-ZH_SiC-C_2B.pdb
OC[C@H]1C2CCCC3C4CCC5C6CCCC7C6C6C8C9C(CCC%10C%11CCCC1C%11C(C(C4C58)C%109)C32)C1CCCC(C16)[C@@H]7CO,-4.67675457,-3.75266901,163-NR_2COH.pdb
C1CC2CC3CCC4CC5CCC6CC7CCC8CC9CCC%10CC%11CCC%12CC1C1C2C2C3C4C3C5C6C4C7C8[SH]5C9C%10C6C%11C%12C1C1C2C3[SH]4C5C61,-3.646274,-2.27184639,164-ZH_C-2S.pdb
[H][Si]1C[Si]2C3[Si]([H])C[Si]4C5[Si]3C3[Si]6C7[Si](C[Si](SO)C[Si]7[C@@H](SO)[Si](C1)C26)C1[Si]([H])C[Si]2C([Si]13)[Si]5[C@@H]1[Si]3[C@H]([Si][C@H]5[Si]1[C@@H]2[Si]([H])C[Si@@]5([H])OS)[Si]([H])[C@@H](SO)[Si]([H])[C@@H]43,-4.96138163,-4.69770704,165-AHSiC_NR-4SOH-edg.pdb
[H][Si]1C[Si]2C[Si]3C[Si@](NO)C[Si]4C5[Si]6[C@@H]7[Si](C[Si@@]5[H])[C@H]5[Si]([H])C[Si]([H])[C@@H]8[Si]5[C@@]59N(O)O[Si@]5%10[C@H]([Si]5C[Si]([H])C%11[Si](C1)[C@H]2[Si@@](N(O)O)([C@H]34)[C@H]6[Si]%11C5[Si]79)[Si@@]([H])[C@H](NO)[Si]([H])[C@H]%10[Si@@]8[H],-4.73498611,-4.4408352,166-AHSiC_NR-NO2-NO-surf_edg.pdb
[H][Si]1C[Si]2C3[Si]([H])C[Si]4C5[Si]([H])C[Si]([H])C6[Si]7C[Si]([H])C8[Si]9C[Si](C(O)O)C[Si]%10C%11[Si]([H])C[Si]%12C%13[Si]([H])C[Si]([H])C%14[Si]%15C[Si]([H])C%16[Si]%17C[Si]([H])C[Si]%18C%19[Si]([H])C[Si]%20C%21[Si]([H])C(CO)[Si]([H])C%22[Si]%23C[Si]([H])C%24[Si](C1)C2[Si]1C2[Si]3C4[Si]3C([Si]65)[Si]4C7[Si]8C5[Si](C9%10)C6[Si]%11C%12[Si]7C([Si]%13%14)[Si]8C%15[Si]%16C9[Si](C%18%17)C%10[Si]%19C%20[Si]%11C([Si]%21%22)[Si]%12C%23[Si]%24C1[Si]1C%12[Si]%12C%11[Si]%10C%10[Si]%11C%13[Si]%14C([Si]5C4[Si]4C3[Si]2C1[Si@@](C(O)O)(C4%14)C%12%11)[Si]6C7[Si]%13[C@]8(CO)[Si]9%10,-4.7782516,-2.8952504,167-AHSiC2-2COOH-2COH.pdb
[H][Si]1C[Si]2C[Si]([H])C[Si]3C2[Si](C1)N1[Si]([H])C[Si]([H])C2[Si]([H])C[Si]([H])N3[Si]21,-3.11375473,-2.01143712,168-NRSiC_SiC0-C_2N.pdb
[H][Si]1C[Si]2C[Si]([H])C3[Si]([H])C[Si]4C[Si]([H])C5[Si]([H])C[Si]6C[Si]([H])C1[Si]1B2[Si]3C4[Si]5B61,-5.10532782,-3.82885981,169-ZH_SIC-SMALL-C_2B.pdb
C1CC2CC3CCCC4C5CCC6C7CCC8C9CCCC%10CC%11CCCC%12C%13CCC%14C%15CCC%16C(C1)C2C(C34)C1C%16C%15C(C6C51)C1C%14C%13C(C8C71)C(C%11%12)C%109,-3.82967614,-3.21416332,170-AH_NR4_3.pdb
NCC1CCC2C3CCCC4CC5CCCC6C7CCC(CN)C8C(CN)C1C2C(C78)C(C43)C56,-5.36274388,-3.67130812,171-NR-C1-3CN.pdb
O[SH2]O[C@H]1[C@H]2CC3CCCC4C5CCC[C@@H]6C5[C@H]5C(C34)[C@@H]2[C@@H]2C3C4C(CCCC4C4CCC[C@@H]1[C@@H]42)C[C@H]([C@@H]6O[SH2]O)[C@H]35,-5.23838961,-2.41252726,172-NR-C2-SO2H.pdb
OCC1CC2CC([PH3]O)C3CC(CO)C4CCC5C(NO)CC6CCC1C1C6C5C4C3C21,-6.52,-3.6661,173-ZH_C-SMALL-2COH-poH2-edge.pdb
C1CB2C3CCCC4CCCC(B5CCCC(C1)C25)C43,-5.4204312,-3.67021968,174-NR_C0-2B.pdb
[H][Si]1C[Si]2C[Si]3C[Si]([H])C[Si]4C5[Si]([H])C[Si]6C7[Si]([H])C[Si]([H])C8[Si](CO)C9[Si]([H])C[Si]([H])C%10[Si]%11C[Si]([H])C%12[Si](C1)C2[Si](C34)C1[Si]%12C%11[Si](C6[Si]51)C([Si]9%10)[Si]87,-4.04028928,-3.7415125,175-NRSiC_COH-edge.pdb
[H][Si]1C[Si]2C[Si]([H])C[Si]3C2[Si](C1)C1[Si]([H])C[Si]2C4[Si]([H])C[Si]5C6[Si]([H])C[Si]([H])C7[Si]([H])C[Si]([H])C([Si]8C[Si]([H])C([Si]9C[Si]([H])C3[Si]1C29)[Si]4C58)[Si]76,-4.02233002,-3.15865288,176-AHSiC_NR4_2.pdb
[H][Si]1C[Si]2C[Si]3C[Si]([H])C4[Si](CN)C5[Si]([H])C[Si]6C[Si]7C[Si]([H])C8[Si]([H])C9[Si]([H])C[Si]%10C%11[Si]9C9[Si]8C7[Si]7C6[Si]5C5[Si]4C3[Si]3C2[Si]2C1[Si]([H])C1[Si]([H])C[Si](C4[Si]1C2[Si]1C3[Si]5C7[Si]9C1[Si]4%11)C%10[SH](O)O,-5.30723344,-2.72681431,177-ZH_SiC-COH-POH2-CN-edg.pdb
[H][Si]1C[Si]2C[Si]3C[Si]([H])C[Si]4C5B6C([Si]([H])C[Si]5[H])[Si]([H])C5B7C([Si]([H])C[Si]5[H])[Si](C1)C2[Si](C76)C34,-5.29961436,-4.08736431,178-NR-SIC1-2B.pdb
OCC1CC2C3CCCC4C5CC(C(O)O)CC6C7CC(CO)CC8C9CCCC%10C%11CC(C(O)O)CC%12C(C1)C2C1C(C34)C(C56)C(C87)C(C9%10)C1C%11%12,-5.94750827,-2.72463743,179-AHC-2COH_2COOH-EDGE.pdb
NCC1CC2C3CCCC4C5CCCC6C7CC(NO)CC8C9CC([SH](O)O)CC%10C%11CCCC%12C(C1)C2C1C(C43)C(C56)C(C78)C(C%109)C1C%12%11,-6.17662489,-3.3660007,180-AHC-NO-CN-SO2H.pdb
[H][Si]1C[Si]2C[Si]([H])C3[Si](C(O)O)C[Si]4C[Si]([H])C5[Si]([H])C(C(O)O)[Si]6C[Si]([H])C1[Si]1C2[Si]3C4[Si]5C61,-5.45553339,-2.45688119,181-ZH_SIC-SMALL-2COOH-edge.pdb
[H][Si]1C[Si]2C[Si]([H])C[Si]3[C@@H]2[Si](C1)[C@@H]1[Si@]([H])C[Si]2[C@@H]4[Si](C[Si@]([H])[C@H]3[Si@]41CO)[C@H]1[Si]3[C@@H]2[Si@]([H])C[Si]2[C@@H]4[Si]([H])C[Si]([H])C5[Si]([H])C[Si]([H])C([Si]54)[Si](C[Si@]1[H])[C@]23CO,-3.93715959,-3.6027364,182-AHSiC_NR4_2_2COH_surf.pdb
[H][Si]1C[Si]2C[Si]3C[Si]([H])C[Si]4C5[Si]([H])C[Si]6C7[Si]([H])C[Si]8C9[Si]([H])C[Si]([H])C%10[Si]([H])C%11[Si]([H])C[Si]([H])C%12[Si]%13C[Si]([H])C%14[Si]%15C[Si]([H])C%16[Si](C1)C2[Si](C34)C1[Si]%16C%15[Si](C6[Si]51)C1[Si]%14C%13[Si](C8[Si]71)C([Si]%11%12)[Si]%109,-3.69607013,-3.50586524,183-AHSiC_NR4_3.pdb
[H][Si]1C[Si]2C3[Si]([H])C[Si]4C5[Si]([H])C[Si]([H])C6[Si]7C[Si]([H])C8[Si]9C[Si]([SH](O)O)C[Si]%10C%11[Si]([H])C[Si]%12C%13[Si]([H])C([SH](O)O)[Si]([H])C%14[Si]%15C[Si]([H])C%16[Si]%17C[Si]([H])C[Si]%18C%19[Si]([H])C[Si]%20C%21[Si]([H])C([SH](O)O)[Si]([H])C%22[Si]%23C[Si]([H])C%24[Si](C1)C2[Si]1C2[Si]3C4[Si]3C([Si]56)[Si]4C7[Si]8C5[Si](C9%10)C6[Si]%11C%12[Si]7C([Si]%13%14)[Si]8C%15[Si]%16C9[Si](C%18%17)C%10[Si]%19C%20[Si]%11C([Si]%22%21)[Si]%12C%23[Si]%24C1[Si]1C%12[Si]%12C%11[Si]%10C%10[Si]9C8[Si]8C7[Si]6C6[Si]5C4[Si]4C3[Si]2C1[Si]1C4[Si]6C8[Si]%10C%121,-5.30668922,-2.82559024,184-AHSiC2-3SO2H.pdb
[H][Si]1C[Si]2C3[Si]([H])C[Si]([H])C4[Si]5C[Si](NO)C[Si]6C7[Si]([H])C[Si]([H])C8[Si]9C[Si]([H])C[Si]%10C%11[Si]([H])C(NO)[Si]([H])C%12[Si](C1)C2[Si]1C([Si]43)[Si](C56)C([Si]78)[Si](C9%10)C1[Si]%12%11,-5.54342492,-3.34668089,185-AHSiC-2NO.pdb
[H][Si]1C[Si]([H])C2[Si]3C[Si](C(N)O)C[Si]4C[Si](C(N)O)C[Si](C43)C3[Si]([H])C[Si]([H])C1[Si]23,-4.81743544,-2.51728961,186-NR_SIC0-2CONH2.pdb
[H][Si]1C[Si]2C3B4C5B6C7[Si](C[Si]([H])C[Si]7C7[Si]([H])C[Si]([H])C8[Si]9C[Si]([H])C[Si]%10C%11[Si]([H])C[Si]([H])C([Si]3C1)[Si]%11C4[Si](C%109)C6[Si]78)C1[Si]([H])C[Si]([H])C2[Si]51,-4.88519083,-4.25525618,187-AHSiC-2B.pdb
[H][Si]1C[Si]2C[Si]3C[Si]([H])C[Si]4C5[Si]([H])C[Si]6C7[Si]8B9[Si]%10C([Si]([H])C[Si]%11C%12[Si]([H])C[Si]([H])C%13[Si]([H])C%14[Si]([H])C[Si]([H])C%15[Si]%16C[Si]([H])N6[Si]9C%16[Si](C%11%10)C([Si]%13%12)[Si]%14%15)[Si]6C[Si]([H])C9[Si](C1)C2[Si](C34)C([Si]9C68)[Si]57,-3.68545784,-3.4993346,188-AHSiC_NR4_3-C_B-N.pdb
OCC1C2CCC3CC4CCC5CC6CCC7C([PH3]O)C8CCC9CC%10CCC%11CC%12CCC1C1C%12C%12C%11C%10C%10C9C8C8C7C6C6C5C4C4C3C2C1C1C4C6C8C%10C%121,-5.37063507,-2.90368581,189-ZH_C-COH-POH2-COH-edg.pdb
C1CB2C3CCCC4CCCC(C43)N3CCCC(C1)C23,-4.4952572,-2.35810526,190-NR_C0-B-N.pdb
C1CC2C3CCCC4C5CCCC6C7CCCC8C9CCCC%10C%11CCCC%12C(C1)C2B1C(B(C56)C(C78)C(C1C%12%11)C%109)C34,-4.62233257,-3.77062827,191-AHC-2B.pdb
C1CC2CC3CCCC4B3C3B2C(C1)C1CCCC2CC5CCCC4C5C3C21,-4.61716248,-3.53987899,192-NR-C1-2B.pdb
[H][Si]1C[Si]2C[Si]3C[Si]([H])C4[Si]([H])C5[Si]([H])C[Si]6C[Si]7C[Si@]([H])C8[Si]9C7[Si]7C6[Si]5C5[Si]4C3[Si]3C2[Si]2C1[Si]([H])C1[Si]([H])C[Si]4C[Si]6C[Si@]([H])C([Si]%10C6[Si]6C4[Si]1C2[Si]1C3[Si]5C7[Si](C16)C%109)[Si@]8C(O)O,-5.00110969,-2.45606486,193-ZHSiC_SIC-COOH-EDGE.pdb
[H][Si]1C[Si]2C[Si]3C[Si]([H])C[Si]4C5[Si]([H])C[Si]6C7[Si]([H])C[Si]([H])C8[Si]([H])C9[Si]([H])C[Si]([H])C%10[Si]%11C[Si]([H])C%12[Si](C1)C2[Si](C34)C1[Si]%12C%11[Si](C6[Si]51)C([Si]9%10)[Si]87,-3.80355358,-3.37742932,194-AHSiC_NR.pdb
[H][Si]1C[Si]2[C@H]3[Si](C1)[C@@H](PO)[Si]([H])C[Si]3[C@@H]1[Si]([H])C[Si]3[C@@H]4[Si](C[Si]([H])[C@H]2[Si@@]14C(O)O)C1[Si]([H])C[Si]2C4[Si]([H])C[Si@](SO)[C@H]5[Si]([H])C[Si@@]([H])[C@H]([Si]45)[Si@]4(NO)C[Si@@]([H])[C@H]3[Si]1[C@@H]24,-5.08818489,-4.52274031,195-AHSiC_NR4_2-CN-COOH-SOH-POH2.pdb
[H][Si]1C[Si]2C3[Si]([H])C[Si]([H])C4[Si]5C[Si](NO)C[Si]6C7[Si]([H])C[Si]([H])C8[Si]9C[Si](NO)C[Si]%10C%11[Si]([H])C(NO)[Si]([H])C%12[Si](C1)C2[Si]1C([Si]43)[Si](C56)C([Si]78)[Si](C9%10)C1[Si]%12%11,-5.65471791,-3.45906232,196-AHSiC-3NO.pdb
[H][Si]1C[Si]2C[Si](C(N)O)C[Si]3C2[Si](C1)C1[Si]([H])C[Si]([H])C2[Si]([H])C[Si]([H])C3[Si]21,-4.74886372,-2.51075897,197-NRSiC_SIC0-CONH2.pdb
[H][Si]1C[Si]2C[Si]3C[Si]([H])C4[Si]5[C@@H]6[Si]7[C@H]8[Si]9[C@@H]%10[Si](C[Si]%11C[Si]([H])C%12[Si]([C@@H]%119)[C@]9(C(O)O)[Si]8[C@H]8[Si]%11[C@@H]7[Si@](C(O)O)([C@H]35)[C@@H]2[Si]2C1[Si]([H])C1[Si]([C@@H]2%11)[C@@H]2[Si](C[Si]3C[Si]([H])[C@@H]([Si]9[C@H]3[Si]82)[Si@]%12[H])C(NO)[Si@@]1[H])C(NO)[Si@]([H])[C@H]([Si]4[H])[Si]6%10,-4.7815,-3.5075,198-ZHSiC_SiC-2COOH-surf-2NO-edge.pdb
[H][Si]1C[Si]2C[Si]3C[Si]([H])C[Si]4C5[Si]([H])C[Si]6C7[Si]([H])C[Si]8C9B%10C%11B(C[Si]([H])C%12[Si]%13C[Si]([H])C%14[Si](C1)C2[Si](C34)C1[Si]%14C%13[Si](C6[Si]51)C([Si]%11%12)[Si]97)C1[Si]([H])C[Si]([H])C2[Si]([H])C3[Si]([H])C[Si]([H])C8[Si]3C%10[Si]12,-4.57797864,-4.17933749,199-AHSiC_NR4_3-2B.pdb
[H][Si]1C[Si]2C[Si]3C[Si]([H])C[Si]4C3[Si]3B5[Si]6C([Si]([H])C[Si]7C8[Si]([H])C[Si]([H])C9[Si]([H])C%10[Si]([H])C[Si]([H])C%11[Si]%12C[Si]([H])N4[Si]5C%12[Si](C76)C([Si]98)[Si]%10%11)[Si](C1)C23,-3.72981177,-3.33552438,200-AHSiC_NR-C_B-N.pdb
[H][Si]1C[Si]2C[Si]([H])C[Si]3C2[Si](C1)C1[Si]([H])C[Si]2C4[Si]1C3[Si]([H])C[Si]4N1[Si]([H])C[Si]3C4[Si]([H])C[Si]([H])C5[Si]([H])C[Si]([H])C([Si]6C[Si]([H])N2[Si]1C63)[Si]54,-3.15076169,-2.33824123,201-AHSiC_NR4_2-C_2N.pdb
OC(O)[C@]12C3CCCC1C1CCC[C@@H]4[C@H]1[C@@H]1[C@@H]5C6C(CCC[C@@H]64)C4CCCC6C7CCC[C@@H]8[C@H]7[C@H]([C@H](C7C3CCC[C@@H]78)[C@@H]12)[C@H]5[C@@]46C(O)O,-3.83348568,-3.31756512,202-AHC-2COOH-surf.pdb
ON(O)C1[C@@H]2CCCC3C4CCC5C6CCCC7CC8CCCC9C%10CCC%11C%12CCC[C@@H]1C%12C(C1C4C5C(C%10C%111)C(C76)C89)C32,-4.48464491,-3.47375626,203-AH_NR-NO2-edg.pdb
NC[C@@H]1CCC2C3C4C5C6C(CCCC6[C@@H]6C4C([C@@H](CN)C[C@@H]6O[SH2]O)[C@@H](CN)C31)C[C@@H]1C5[C@@H]2CC[C@@H]1NO,-5.72954816,-3.72953966,204-NR-C1-3CN-NO_SO2H.pdb
C1CC2CCC3CCC4CCC5CCC6CCC1B1C2B3C4C5C16,-5.30124702,-4.04028928,205-ZH_C-SMALL-2B.pdb
[H][Si]1C[Si]([H])C2[Si]3C1[Si]1C[Si](C(N)O)C[Si]4C[Si](C(N)O)C[Si](C41)C3[Si]([H])[C@H](C(N)O)[Si]2[H],-4.88845615,-2.67674607,206-NRSiC_SIC0-3CONH2.pdb
[H][Si]1C[Si]2C[Si]3C[Si]4C[Si]([H])C[Si]5C6[Si]([H])C[Si]7C8[Si]([H])C[Si]([H])C9[Si]([H])C%10[Si]([H])C%11[Si]([H])C[Si]([H])C%12[Si]%13C[Si]([H])C%14[Si](C1)C2[Si]1O[Si]%14C%13[Si]2C%13[Si][SH]([Si](C45)C31)[Si]6C7[Si]%13C([Si]98)[Si]%10C2[Si]%11%12,-3.05770007,-2.62694994,207-AHSiC_NR3_4-C_O-S.pdb
[H][Si]1C[Si]2C[Si]3C[Si]4C[Si]([H])C[Si]5C6[Si]([H])C[Si]7C8[Si]([H])C[Si]9C%10[Si]([H])C[Si]([H])C%11[Si]([H])C%12[Si]([H])C%13[Si]([H])C[Si]([H])C%14[Si]%15C[Si]([H])C%16[Si]%17C[Si]([H])C%18[Si](C1)C2[Si]1C3[Si](C45)C2[Si]6C7[Si]3C4[Si](B5[Si]%16C%15C6C([Si]%13%14)[Si]%12C(C7C6[Si]5N3[Si]8C79)[Si]%11%10)C%17[Si]%18C1[Si]24,-3.74722681,-3.58477714,208-AHSiC_NR4_4-C_B-N.pdb
[H][Si]1C[Si]2C[Si]3C[Si]4C[Si]([H])C[Si]5C6[Si]([H])C[Si]7C8[Si]([H])C[Si]([H])C9[Si]([H])C%10[Si]([H])C%11[Si]([H])C[Si]([H])C%12[Si]%13C[Si]([H])C%14[Si](C1)C2[Si]1C3[Si](C45)N2[Si]6C7[Si]3C([Si]98)[Si]%10C([Si]%11%12)[Si]4C%13[Si]%14N1[Si]2C43,-2.93797167,-2.59674573,209-AHSiC_NR3_4-C_2N.pdb
[H][Si]1C[Si]2C[Si]3C[Si]([H])C[Si]4C3[Si]3C2[Si](C1)C1[Si]([H])C[Si]2[C@@H]5[Si]6O[Si]7[C@H]8[C@H]9[C@H]%10[Si][C@H]%11[C@H]%10[C@@H]%10[Si]%12[C@H]9[Si]9[C@H]([Si]8C[Si@]([H])[C@@H]27)[Si@@]([H])C[Si]([H])[C@@H]9[Si@@]([H])[C@@H]%12[Si@@]([H])C[Si@]%10([H])[Si@]%11([H])O[Si]2C[Si@]([H])C4[Si](C26)C3[Si]15,-3.93688748,-3.06205383,210-AHSiC_NR4_3-C_2O.pdb
[H][Si]1C[Si]2C[Si]3C[Si]4C[Si]([H])C[Si]5C6[Si]([H])C[Si]7C8[Si]([H])C[Si]9C%10[Si]([H])C[Si]([H])C%11[Si]([H])C%12[Si]([H])C%13[Si]([H])C[Si]([H])C%14[Si]%15C[Si]([H])C%16[Si]%17C[Si]([H])C%18[Si](C1)C2[Si]1C3[Si](C45)C2[Si]6C7[Si]3C4[Si]2C1[Si]%18C%17[Si]4[SH]1[Si]%16C%15C2C([Si]%13%14)[Si]%12C(C4C9[Si]8[SH]3[Si]1C24)[Si]%11%10,-3.57062742,-3.16681618,211-AHSiC_NR4_4-C_2S.pdb
[H][Si]1C[Si]2C[Si]([H])C[Si]3C2[Si](C1)[SH]1[Si]([H])C[Si]([H])C2[Si]([H])C[Si]([H])[SH]3[Si]21,-3.39892601,-2.64599764,212-NR_SiC0-C_2S.pdb
PO[C@H]1CCC2C3C4C5C(CCCC5C5CCC6C7CCC8C9CCCC%10CC%11CCCC%12C%13CC[C@@H]%14C%15C%13C(C8C7C%15C7C6C5C4[C@H]4[C@@H]2CC[C@]%14(OS)[C@H]74)C(C%109)C%11%12)CC31,-4.40981466,-3.14341472,213-AH_NR4_3-SOH-POH2.pdb
C1CC2CC3CC4CCCC5C6CCC7C8CCCC9CC%10CC%11CCCC%12C%13CCC%14C(C1)C2C1B2C%14C%13C%13C(C%11%12)C%10C(C98)C8C%13C2N(C6C78)C(C45)C31,-3.728369587,-3.35021832,214-AH_NR3_4-B-N.pdb
C1CC2C3CCC4C5CCCC6C7CCC8C9CCCC%10C%11CCC%12C%13CCCC%14C%15CCC%16C%17CCCC%18C%19CCC%20C%21CCCC%22C%23CCC%24C(C1)C2C1C2C%25B%26C%27B%28C%29C%25C(C4C32)C(C56)C2C7C8C3C(C%292)C2C%28C4C5C%27C6C7C%26C1C%24C%23C7C(C%22%21)C1C%20C%19C7C(C%18%17)C8C%16C%15C%15C(C%13%14)C%13C%12C%11C(C3C9%10)C2C%13C4C%15C8C5C7C61,-4.54831865,-3.71620627,215-AHC2-2B.pdb
C1CC2CC3CCCC4C3C3C2C(C1)C1CCCC2CC5CCCC4N5C3N21,-3.51892652,-2.21089375,216-NR-C1-2N.pdb
[H][Si]1C[Si]2C3[Si@]([H])C[Si@]([H])[C@@H]4[Si]5C[Si]([H])C[Si]6C5[Si]5[C@@H]7[Si]8C([Si]([H])C[Si]([H])[C@H]68)[Si]6C[Si@]([H])C[Si]8[C@H]9[Si]([H])C[Si]([H])[C@H]%10[Si](C1)[C@@H]2[Si](C([Si]%109)[Si]7[C@@]68CO)[C@@H]5[Si@@]34CO,-4.1823307,-3.3523952,217-AHSiC-2COH-surf.pdb
[H][Si]1C[Si]2C(C(O)O)[Si]3C[Si]([H])C4[Si]([H])C5[Si](NO)C[Si]6C[Si]7C[Si]([H])C8[Si](C(O)O)C9[Si]([H])C[Si]%10C[Si]%11C[Si](NO)C%12[Si]([H])C1[Si]1C2[Si]2C3[Si]4C3[Si]5C6[Si]4C7[Si]8C5[Si]9C%10[Si]6C%11[Si]%12C1[Si]1C6[Si]5C4[Si]3C21,-5.3173,-3.5793,218-ZH_SiC-2COOH-2NOedge.pdb
[H][Si]1C[Si]2C(C(O)O)[Si]3C[Si]4SO[Si@@]5([H])[C@@H]4[Si]4[C@H]6[Si]7C8[Si]9C%10[Si]%11C%12[Si](C[Si]%13C[Si@](NO)[C@H]5[Si]6C%13[Si]%128)C[Si@@]([H])C%11[Si@@](C(O)O)C5[Si]%10C6[Si](C[Si@@]5[H])C(NO)[Si]5C[Si](NO)C8[Si]([H])C1[Si]1C%10[Si]8C5[Si]6C9[Si]%10[C@@H]7[Si](C21)[C@H]34,-5.0095,-3.7399,219-ZH_SiC-2COOH-3NO-SOH.pdb
[H][Si]1C[Si]2C[Si]3C[Si]4C[Si]([H])C[Si]5C6[Si]([H])C[Si]7C8[Si]([H])C[Si]9C%10C%11C([Si])C%12C%13[Si](C[Si]([H])C%14[Si]%15C[Si]([H])C%16[Si](C1)C2[Si]1C3[Si](C45)C2[Si]6C7[Si](O[Si]%108)C3[Si](O[Si]%13%14)C%15[Si]%16C1[Si]32)C1[Si]([H])C[Si]([H])C2[Si]([H])C3[Si]([H])C4[Si]([H])C[Si]([H])C9[Si]4C%11[Si]3C%12[Si]21,-3.62858685,-3.55321238,220-AHSiC_NR4_4-C_2O.pdb
NC[C@]12[C@H]3C4C5C6C7CCC8C9CCC(CO)C%10CC%11CC%12C(CO)CC[C@H](C%13CCC%14C%15CCC%16C%17CCC(C(O)O)C%18CC%19CC%20C(C(O)O)CCC%21C%22CCC7C7C5C5C(C%15C%16C%15C(C%18%17)C%19[C@@H](C%20%21)[C@H](C%227)C%155)[C@H]4C%14[C@H]%131)C%12[C@@H]2C%11[C@@H](C%109)C3C86.NO,-4.71267309,-3.67702243,221-AH_NR4_4-COH-COOH-CN_NO.pdb
NC(O)C1CC2CCCC3C4CC(C(N)O)CC5CC(C(N)O)CC(C(C1)C23)C54,-5.43240404,-2.39701699,222-NR_C0-3CONH2.pdb
C1CC2CC3CC4CCCC5C6CCC7C8CCC9C%10CCCC%11CC%12CC%13CCCC%14C%15CCC%16C%17CCC%18C(C1)C2C1C3C(C45)C2C6C7C3C4C(C%17C%18C1C24)C1C%16C%15N2C(C%13%14)C%12C(C%11%10)N4C9C8C3C1C24,-3.21443543,-3.01116926,223-AH_NR4_4-2N.pdb
C1CC2CCCC3C2C(C1)N1CCCC2CCCN3C21,-3.37715721,-1.36463165,224-NR_C0-2N.pdb
[H][Si]1C[Si]2C[Si]3C[Si@]([H])C4[Si]5C3[Si]3C2[Si]2C1[Si]([H])C1[Si]([H])C[Si]6C(C(O)O)[Si]7C[Si]([H])C8[Si]([H])C9[Si]([H])C[Si]%10C[Si]%11C[Si@]([H])C([Si]%12C%11[Si]%11C%10[Si]9C9[Si]8C7[Si]7C6[Si]1C2[Si]1C7[Si]9C%11[Si](C13)C5%12)[Si@@]4C(O)O,-5.08546379,-2.54205162,225-ZH_SiC-2COOH-edge.pdb
[H][Si]1C[Si]2C(N(O)O)[Si]3C[Si](C(N)O)C[Si]4C5[Si]([H])C[Si]6C7[Si]([H])C[Si]8C9[Si]([H])C[Si]([H])C%10[Si](CO)C%11[Si]%12C([Si]9%10)[Si]9C8[Si]7C7[Si]8C([Si]([H])C[Si](C89)C%12[Si]([H])[C@H](SO)[Si]%11[H])[Si]8C[Si]([H])C9[Si](C1)C2[Si](C34)C1[Si]5C6[Si]7C8[Si]91,-4.43920254,-4.26042627,226-AHSiC_NR4_3-COH-NO2-CNOH2-SOH.pdb
[H][Si]1C[Si]2C[Si]3C[Si]([H])C[Si]4C3[Si]3C2[Si](C1)[C@@H]1[Si]2C3[Si]3[C@H]5[S@H]6[C@@H]2[Si](C[Si@]1[H])[C@@H]1[Si]2C([Si]([H])C[Si@]1[H])[Si]([H])[C@H]1[Si]([C@@H]26)[C@H]([Si@@]([H])C[Si@@]1[H])[S@H]5C[Si@]([H])[C@H]43,-3.81117266,-3.28300715,227-AHSiC_NR-2S.pdb
[H][Si]1C[Si]2C[Si]3C[Si]4C[Si]([H])C[Si]5C6[Si]([H])C[Si]([H])C7[Si]([H])C8[Si]([H])C9[Si]([H])C[Si]([H])C%10[Si](C1)C2[Si]1B3[Si](C([Si]8C1[Si]9%10)[Si]76)N45,-4.02804433,-3.16681618,228-NR-SiC2-C_B-N.pdb
[H][Si]1C[Si]2C[Si]3C[Si]([H])C4[Si]([H])C5[Si]([H])C[Si]6C[Si]7C[Si]([H])C8[Si]([H])C9[Si]([H])C[Si]%10C[Si]%11C[Si]([H])C%12[Si]([H])C1[Si]1S[Si]%12C%11[Si]%11C%10[Si]9C9[Si]8C7[Si]7C6[Si]5C5[Si]4C3[Si](O[Si]3C%11[Si]9C7[Si]53)C21,-3.31375558,-2.76681448,229-ZH_SiC-C_O-S.pdb
[H][Si]1C[Si]2C[Si]3C[Si]4C[Si]([H])C[Si]5C6[Si]([H])C[Si]7C8[Si]([H])C[Si]([H])C9[Si]([H])C%10[Si]([H])C%11[Si]([H])C[Si]([H])C%12[Si]%13C[Si]([H])C%14[Si](C1)C2[Si]1B2[Si]%15B([Si](C45)C31)[Si]6C7[Si]1C%15[Si](C%13[Si]2%14)C([Si]%11%12)[Si]%10C1[Si]98,-4.09035752,-3.5292667,230-AHSiC_NR3_4-C_2B.pdb
[H][Si]1C[Si]2C[Si]3C[Si]4C[Si]([H])C[Si]5C6[Si]([H])C[Si]7C8[Si]([H])C[Si]([H])C9[Si]([H])C%10[Si]([H])C%11[Si]([H])C[Si]([H])C%12[Si]%13C[Si]([H])C%14[Si](C1)C2[Si]1C3[Si](C45)[SH]2[Si]6C7[Si]3C([Si]98)[Si]%10C([Si]%11%12)[Si]4C%13[Si]%14[SH]1[Si]2C43,-3.02613531,-2.66885488,231-AHSiC_NR3_4-C_2S.pdb
[H][Si]1C[Si]2C[Si]3C[Si]([H])C[Si]4C5[Si]([H])C[Si]6C7[Si]5C5[Si](C2[Si](C1)C1[Si]([H])C[Si]2C8[Si]([H])C[Si]9C%10[Si]([H])C[Si]([H])C%11[Si]([H])C%12[Si]([H])C[Si]([H])C%13[Si]%14C[Si]([H])N6[Si]6C%14[Si](C([Si]%11%10)[Si]%12%13)C9[Si]8N6[Si]7C2[Si]15)C34,-3.25824514,-2.66776644,232-AHSiC_NR4_3-C_2N.pdb
OC(O)C1CC2C3CCCC4C5CCCC6C7CC(C(O)O)CC8C9CCCC%10C%11CCCC%12C(C1)C2C1C(C43)C(C56)C(C78)C(C%109)C1C%11%12,-5.5646495,-2.2530708,233-AHC-2COOH-edge.pdb
C1CC2CCCC3C4CCC5C6CCC7C8CCCC9CCCC(C%10CCC(C%11CCC(C(C1)C23)C4C%115)C6C%107)C98,-4.4109031,-2.55456868,234-AH_NR4_2.pdb
OC[C@@H]1C2CCCC3C4CCC5C6CCC7C8CCCC9C8C8C%10C7C6C6C7C5C4C4C5C%11C%12C(CCC%13C%14CCC%15C%16CCCC%17CC(C8C(C%17%16)C8C%15C%14C(C(C%13%12)C75)C6C8%10)[C@H]9CO)C5CCCC6CC1C(C%11C65)C4C32,-4.30695708,-4.0626023,235-AH_NR4_4_2COH_edge.pdb
O[SH](O)C1CC2C3CCC4C5CCCC6C7CCC8C9CCCC%10C%11CCC%12C%13CC([SH](O)O)CC%14C%15CCC%16C%17CCCC%18C%19CCC%20C%21CCCC%22C%23CCC%24C(C1)C2C1C2C3C4C3C(C65)C4C7C8C5C(C9%10)C6C%11C%12C7C(C%13%14)C8C%15C%16C9C(C%18%17)C%10C%19C%20C%11C(C%21%22)C%12C%23C%24C1C1C%12C%12C%11C%10C%10C9C8C8C7C6C6C5C4C4C3C2C1C1C4C6C8C%10C%121,-5.1238313,-2.77470567,236-AHC2-2SO2H.pdb
[H][Si]1C[Si]2C(N(O)O)[Si]3C[Si]([H])C[Si]4C5[Si]([H])C[Si]6C7[Si]([H])C[Si]8C9[Si]([H])C[Si]([H])C%10[Si](CO)C%11[Si]([H])C[Si]([H])C%12[Si]%13C[Si]([H])C%14[Si]%15C[Si]([H])C%16[Si](C1)C2[Si](C34)C1[Si]%16C%15[Si](C6[Si]51)C1[Si]%14C%13[Si](C8[Si]71)C([Si]%11%12)[Si]%109,-4.3211068,-4.14532374,237-AHSiC_NR4_3-COH-NO2.pdb
[H][Si]1C[Si]2C[Si]3C[Si]([H])[C@@H](C(O)O)[Si]4C3[Si]3[C@H]5[Si]6C7[Si](C[Si@]([H])C64)[C@H]4[Si]([H])C[Si]6C8[Si]9C%10[Si]%11C([Si]([H])C[Si]([H])C%11[Si]([H])[C@H]9[Si@@]([H])(OP)C[Si@]8[H])[Si]8C[Si]([H])C9[Si]%11C[Si]([H])[C@@H]([Si]5C%11[Si]7[C@@H]5[Si]9C8[Si]%10[C@H]6[Si@]54OS)[Si@@](CN)(C1)[C@H]23,-5.00083758,-4.62886321,238-AHSiC_NR4_3-SOH-POH2-CN-COOH.pdb
[H][Si]1C[Si]2C3[Si]([H])C(NO)[Si]([H])C4[Si]5C[Si](NO)C[Si]6C7[Si]([H])C[Si]([H])C8[Si]9C[Si](NO)C[Si]%10C%11[Si]([H])C(NO)[Si]([H])C%12[Si](C1)C2[Si]1C([Si]43)[Si](C65)C([Si]78)[Si](C9%10)C1[Si]%11%12,-5.8392,-3.6155,239-AHSiC-4NO.pdb
[H][Si]1CN2C3N(C[Si]([H])C[Si]3C1)C1[Si]([H])C[Si]([H])C3[Si]([H])C[Si]([H])C2[Si]13,-3.74015195,-2.00028061,240-NR_SiC0-2N.pdb
[H][Si]1C[Si]2C[Si]3C[Si]([H])C[Si]4C5[Si]([H])C[Si]6C7[Si]([H])C[Si]8C9[Si]([H])C[Si]([H])C%10[Si]([H])C%11[Si]([H])C[Si]([H])C%12[Si]%13C[Si]([H])B%14[Si]%15C[Si]([H])C%16[Si](C1)C2[Si](C34)C1[Si]%16C%15[Si](B2[Si]%14C%13[Si](C8[Si]27)C([Si]%11%12)[Si]%109)C6[Si]51,-4.03321442,-3.51402854,241-AHSiC_NR4_3-C_2B.pdb
OC[C@@]12[C@@H]3C4C5C6C7CCC[C@@H]6[C@@H]6CCCC(C46)[C@H]1CCC[C@H]2C1CCC[C@H]2C1C3C1C3C(CCC[C@H]32)[C@H]2CCC[C@@H]7[C@]2(CO)[C@H]15,-3.88328181,-3.36763336,242-AHC-2COH-surf.pdb
ON(O)C1[C@@H]2CCCC3C4CCC5C6CCC[C@@H]7C6C6C8C5C4C4C5C(CCC(C9CCC[C@H](C96)C7N(O)O)C58)C5CCC[C@@H]1C5C4C32,-4.87185744,-3.91321391,243-AH_NR-2NO2-edg.pdb
NC[C@]12[C@@H]3C[C@@H]4CCCC5C6CCC7C8CCCC9CC%10CC%11CCCC%12C%11[C@H]%11C%10[C@H](C98)C8C7C6C([C@H]6[C@H]7[C@@H]9C(CCC%12[C@H]9[C@@]%11(O[SH2]O)[C@@H]86)C6CCC[C@H](C3)C6[C@H]71)[C@@H]2C54,-4.25960994,-3.31783723,244-AH_NR3_4-CN-SO2H.pdb
ONC1CC2C3CCCC4C5CCCC6C7CC(NO)CC8C9CC(NO)CC%10C%11CCCC%12C(C1)C2C1C(C43)C(C56)C(C78)C(C%109)C1C%12%11,-6.15431187,-3.51865441,245-AHC-3NO.pdb
ON[C@@H]1[C@@H]2CCCC3C4CCCC5C[C@@H]6[C@H](O[SH2]O)[C@@H]7CCCC8C9CCCC%10C[C@H]1C1C(C%109)[C@H]([C@H]87)[C@H]6C(C54)[C@@H]1C32,-5.24600869,-2.74096403,246-NR-C2-SO2H-NO.pdb
[H][Si]1C[Si]2C[Si]3C[Si]4C[Si]([H])C[Si]5C4[Si]4C3[Si]3C2[Si](C1)C1[Si]([H])C[Si]([H])C2[Si]([H])C6[Si]([H])C7[Si]([H])C[Si]([H])C5[SH]7C4[SH]6C3[Si]21,-4.06913294,-3.02069311,247-NR-SiC2-2S.pdb
[H][Si]1C[Si]([H])[C@H]2[Si]3C[Si@]([H])[C@H]4[Si]5C[Si@]([H])C[Si]6C[Si]7C[Si@@]([H])C[Si]8S[Si@@]9([H])C[Si]%10[C@@H]([Si]9)[Si]([C@H]9[Si]2C1[Si]([H])[C@H]1[Si]([H])C[Si]([H])[C@@H]%10[Si]91)[C@@H]3[Si]4O[Si]([C@H]78)[C@H]65,-4.3891343,-3.25770092,248-AHSiC_NR-C_O-S.pdb
[H][Si]1C[Si]2C[Si]3C[Si]4C[Si]([H])C[Si]5C6[Si]([H])C[Si]([H])C7[Si]([H])C8[Si]([H])C9[Si]([H])C[Si]([H])C%10[Si](C1)C2[Si]1C([Si]9%10)[Si]8C([Si]76)[Si](N45)N31,-2.99076101,-2.34205077,249-NR-SiC2-C_2N.pdb
[H][Si]1C[Si]2C[Si]3C[Si]([H])C4[Si]([H])C5[Si]([H])C[Si]6C[Si]7C[Si]([H])C8[Si]([H])C9[Si]([H])C[Si]%10C[Si]%11C[Si]([H])C%12[Si]([H])C1[Si]1C2[Si]2C3[Si]4C3[Si]5C6[Si]4C7[Si]8[SH]5[Si]9C%10[Si]6C%11[Si]%12C1[Si]1C2[Si]3[SH]4[Si]5C61,-3.06314227,-2.52028282,250-ZH_SiC-C_2S.pdb
C1CC2C3CCCC4C5CCCC6C7CCCC8C9CCCC%10C%11CCCC%12C(C1)C2C1C(C34)C(C56)C(C78)C(C%109)C1C%12%11,-5.28002244,-1.64925871,251-AHC.pdb
C1CC2CC3CCC4CC5CCC6CC7CCC8CC9CCC%10CC%11CCC%12CC1C1C2C2C3C4C3C5C6C4C7C8C5C9C%10C6C%11C%12C1C1C2C3C4C5C61,-4.96464695,-2.11048516,252-ZH_C.pdb
[H][Si]1C[Si]2C3[Si]([H])C[Si]([H])C4[Si]5C[Si]([H])C[Si]6C7[Si]([H])C[Si]([H])C8[Si]9C[Si]([H])C[Si]%10C%11[Si]([H])C[Si]([H])C%12[Si](C1)C2[Si]1C([Si]34)[Si](C56)C([Si]78)[Si](C%109)C1[Si]%12%11,-5.16165459,-2.00354593,253-AHSiC.pdb
[H][Si]1C[Si]2C[Si]3C[Si]([H])C4[Si]([H])C5[Si]([H])C[Si]6C[Si]7C[Si]([H])C8[Si]([H])C9[Si]([H])C[Si]%10C[Si]%11C[Si]([H])C%12[Si]([H])C1[Si]1C2[Si]2C3[Si]4C3[Si]5C6[Si]4C7[Si]8C5[Si]9C%10[Si]6C%11[Si]%12C1[Si]1C2[Si]3C4[Si]5C61,-4.99076951,-2.20436311,254-ZH_SiC.pdb
